raion_id,raion_name,oblast_name,area_sqkm,border_crossing_count,nearest_border_crossing_km,populated_place_count,place_count_city,place_count_settlement,place_count_village,pop_2022_sum,pop_2022_mean,pop_2023_sum,pop_2023_mean,pop_change_abs_2022_2023,pop_change_pct_2022_2023,pop_2023_per_sqkm,places_per_10k_pop_2023,border_crossings_per_1000sqkm
UA0102,Bakhchysaraiskyi,Autonomous Republic of Crimea,2381.30724866,0,485.9824667313104,116,2,4,110,359362.125,4.325286865234375,304373.75,3.627988815307617,-54988.375,-0.153016612421245,127.81792444938637,3.811103947038797,0.0
UA0104,Bilohirskyi,Autonomous Republic of Crimea,2929.48053403,0,508.4412371769701,138,1,2,135,111396.234375,2.243133068084717,96107.90625,1.912709355354309,-15288.328125,-0.13724277315814787,32.807149640891176,14.358860304481974,0.0
UA0106,Dzhankoiskyi,Autonomous Republic of Crimea,2173.95403184,0,481.6867177148613,114,1,2,111,107059.3359375,2.6229746341705322,92363.453125,2.235212564468384,-14695.8828125,-0.13726857806290976,42.4863873716893,12.342544171201373,0.0
UA0108,Yevpatoriiskyi,Autonomous Republic of Crimea,3870.10212166,0,392.09028926995256,118,2,5,111,260840.421875,4.203239440917969,225038.140625,3.598249912261963,-35802.28125,-0.13725741199405503,58.14785593525231,5.243555588944957,0.0
UA0110,Kerchenskyi,Autonomous Republic of Crimea,3025.63400674,0,393.35227450305626,69,2,2,65,219082.40625,4.305695533752441,189030.15625,3.690769672393799,-30052.25,-0.1371732697043079,62.47621352381363,3.650211234483916,0.0
UA0112,Kurmanskyi,Autonomous Republic of Crimea,3247.54870977,0,464.9338867970137,126,0,3,123,118522.8125,2.5408997535705566,102256.609375,2.1687510013580322,-16266.203125,-0.13724111655720286,31.487321211647686,12.321941903816425,0.0
UA0114,Perekopskyi,Autonomous Republic of Crimea,2476.45395199,0,406.8198879314957,84,2,2,80,107734.6796875,2.9987106323242188,92946.828125,2.561577081680298,-14787.8515625,-0.13726175828799325,37.5322254832604,9.037425127303127,0.0
UA0116,Simferopolskyi,Autonomous Republic of Crimea,1854.88122611,0,495.211743446201,115,1,7,107,535147.25,7.302972793579102,461701.9375,6.253666400909424,-73445.3125,-0.13724318400216015,248.9118607708738,2.4907844360085667,0.0
UA0118,Feodosiiskyi,Autonomous Republic of Crimea,2709.38617131,0,478.5898117237091,112,3,8,101,224672.25,3.7026360034942627,193832.984375,3.170988082885742,-30839.265625,-0.13726334972387555,71.54129094904212,5.778170333657899,0.0
UA0120,Yaltynskyi,Autonomous Republic of Crimea,889.70356648,0,539.7957301970216,58,3,22,33,198181.78125,7.031961917877197,171002.03125,6.033733367919922,-27179.75,-0.13714555308044998,192.20113045803333,3.3917725758009087,0.0
UA0502,Vinnytskyi,Vinnytska,6890.77399669,0,176.86548441793133,410,6,8,396,652929.125,3.1032605171203613,563319.3125,2.65278697013855,-89609.8125,-0.13724278649692645,81.74978787152094,7.278287658564874,0.0
UA0504,Haisynskyi,Vinnytska,5676.62626747,0,103.85967566589332,264,3,5,256,237024.34375,1.6133983135223389,204493.390625,1.3713619709014893,-32530.953125,-0.13724730806263438,36.02375442555603,12.909952697890526,0.0
UA0506,Zhmerynskyi,Vinnytska,3145.9460179,0,83.49971211894118,215,3,2,210,161925.5625,1.8509374856948853,139702.578125,1.5838396549224854,-22222.984375,-0.13724197731287793,44.40717587972316,15.389837674121306,0.0
UA0508,Mohyliv-Podilskyi,Vinnytska,3221.08026655,6,21.128092567714965,195,2,3,190,143390.84375,1.676321268081665,123711.25,1.4364317655563354,-19679.59375,-0.13724442394879205,38.40675790811736,15.762511493497964,1.862729116783673
UA0510,Tulchynskyi,Vinnytska,3856.23058564,3,63.82793815759605,189,1,8,180,152856.28125,1.5974112749099731,131879.28125,1.3735851049423218,-20977.0,-0.13723348382191525,34.19901334248471,14.331288297038698,0.7779617772784468
UA0512,Khmilnytskyi,Vinnytska,3700.21027337,0,209.18494483529832,229,3,3,223,184045.234375,1.702955722808838,158785.4375,1.465580940246582,-25259.796875,-0.13724776390315052,42.912544360724866,14.421977456213515,0.0
UA0702,Volodymyrskyi,Volynska,2557.70627469,1,32.90345634055949,201,3,3,195,171023.453125,2.5234375,147548.28125,2.1673097610473633,-23475.171875,-0.13726288088594574,57.687734791940954,13.622659531996412,0.3909753085784654
UA0704,Kamin-Kashyrskyi,Volynska,4688.45510403,1,65.10121818105075,155,1,2,152,132348.40625,1.9941298961639404,114184.5,1.7151000499725342,-18163.90625,-0.13724310526028718,24.354397656885265,13.57452193598956,0.21328987434271082
UA0706,Kovelskyi,Volynska,7651.04503758,6,65.85469401600915,380,2,9,369,268321.78125,1.9543306827545166,231496.703125,1.675363540649414,-36825.078125,-0.1372422244420383,30.2568736673156,16.414920595858916,0.784206597991453
UA0708,Lutskyi,Volynska,5248.0481373,0,133.6488579131901,351,5,8,338,457515.90625,3.1552603244781494,394725.21875,2.722223997116089,-62790.6875,-0.13724263275272738,75.21371916246885,8.8922618400601,0.0
UA1202,Dniprovskyi,Dnipropetrovska,5604.58159143,0,342.2873628219777,234,2,9,223,1147727.875,5.789120674133301,990228.375,4.9732232093811035,-157499.5,-0.13722721511839206,176.68194473502967,2.363091241452256,0.0
UA1204,Kamianskyi,Dnipropetrovska,4808.04229704,0,376.1217675458497,274,6,8,260,426745.0,3.9955899715423584,368160.1875,3.4449992179870605,-58584.8125,-0.13728295000527246,76.57174474664092,7.44241255037931,0.0
UA1206,Kryvorizkyi,Dnipropetrovska,5729.8303365,0,436.9984470814593,282,3,4,275,746898.3125,4.18540620803833,644388.25,3.5493903160095215,-102510.0625,-0.13724768256187483,112.4620123383299,4.376243669868282,0.0
UA1208,Nikopolskyi,Dnipropetrovska,3232.79385459,0,429.7300337014516,130,3,5,122,253768.75,3.3668389320373535,218937.6875,2.883490800857544,-34831.0625,-0.13725512893135974,67.7239865415937,5.937762542595596,0.0
UA1210,Samarivskyi,Dnipropetrovska,3479.39480346,0,264.51331460172554,110,2,5,103,170732.8125,2.094804048538208,147299.890625,1.790336012840271,-23432.921875,-0.13724908253942106,42.334917117919815,7.467758430319608,0.0
UA1212,Pavlohradskyi,Dnipropetrovska,2429.78077211,0,287.31586873691253,98,2,1,95,169236.8125,3.757561445236206,146011.3125,3.2132065296173096,-23225.5,-0.13723669015569528,60.09238124524506,6.711808716875961,0.0
UA1214,Synelnykivskyi,Dnipropetrovska,6626.26523468,0,270.367598584564,372,2,13,357,201590.65625,1.8531107902526855,173920.5,1.587807536125183,-27670.15625,-0.13725912085769104,26.247138295906005,21.389082943068814,0.0
UA1402,Bakhmutskyi,Donetska,1745.65065229,0,155.77910263657103,112,7,11,94,225263.03125,4.493129253387451,194338.0,3.8498780727386475,-30925.03125,-0.13728409441351686,111.32697126143839,5.763154915662403,0.0
UA1404,Volnovaskyi,Donetska,4454.32740214,0,134.46016562169282,158,2,9,147,142205.390625,2.0683517456054688,122690.28125,1.7726991176605225,-19515.109375,-0.1372318537942204,27.544064495810456,12.877955644917881,0.0
UA1406,Horlivskyi,Donetska,2455.52455866,1,65.99301704907012,132,10,27,95,666399.25,6.184909343719482,574931.25,5.310652732849121,-91468.0,-0.13725705723708423,234.1378537520084,2.2959266868864754,0.40724495972693847
UA1408,Donetskyi,Donetska,2892.56577125,2,53.057011391675616,152,8,32,112,1488252.75,10.035351753234863,1284016.25,8.604910850524902,-204236.5,-0.13723240222468933,443.90217942913785,1.183785641342156,0.6914276660114509
UA1410,Kalmiuskyi,Donetska,3127.0027485,1,46.66542216796389,156,3,5,148,125048.28125,2.0954535007476807,107882.7265625,1.7972067594528198,-17165.5546875,-0.13727141641540955,34.500361924609926,14.460146213455598,0.3197950499019205
UA1412,Kramatorskyi,Donetska,5186.71809945,0,212.50709355996233,235,7,25,203,547036.75,4.468050003051758,471966.25,3.830552816390991,-75070.5,-0.13723118236571857,90.99516128513854,4.97916959104597,0.0
UA1414,Mariupolskyi,Donetska,2633.53857413,0,96.32896659484945,89,1,6,82,509931.9375,6.430739879608154,439936.875,5.497424125671387,-69995.0625,-0.1372635392149761,167.0516161493229,2.0230175067729887,0.0
UA1416,Pokrovskyi,Donetska,4004.27510576,0,157.97270798478365,264,14,16,234,390702.90625,3.9102745056152344,337081.125,3.349308729171753,-53621.78125,-0.13724438797926142,84.180311316553,7.831942533121663,0.0
UA1802,Berdychivskyi,Zhytomyrska,3012.17881501,0,269.11796547305306,162,2,4,156,159153.9375,2.0092148780822754,137312.140625,1.7204879522323608,-21841.796875,-0.13723692431423506,45.58565379344657,11.797937113399364,0.0
UA1804,Zhytomyrskyi,Zhytomyrska,10506.87266563,0,209.4229116304666,684,4,19,661,610627.875,2.1797783374786377,526823.0625,1.8675774335861206,-83804.8125,-0.13724367316182545,50.14080585780196,12.983486272490206,0.0
UA1806,Korostenskyi,Zhytomyrska,11071.82881402,2,78.85717124979467,529,4,12,513,255228.40625,1.6031432151794434,220201.9375,1.3762706518173218,-35026.46875,-0.13723577741456824,19.88848827044394,24.023403517964052,0.18063863103333447
UA1808,Zviahelskyi,Zhytomyrska,5240.62970748,0,153.96279096023974,293,2,8,283,167985.578125,1.8542273044586182,144931.765625,1.5919220447540283,-23053.8125,-0.13723685543318126,27.655410459193007,20.21641002829672,0.0
UA2102,Berehivskyi,Zakarpatska,1458.05069528,6,17.204666952571777,105,2,3,100,208430.765625,3.837585210800171,179820.65625,3.2754218578338623,-28610.109375,-0.1372643299045119,123.32949521722065,5.839151195957222,4.1150832542539115
UA2104,Mukachivskyi,Zakarpatska,2053.52275744,0,69.97868163930599,142,2,4,136,253080.859375,4.53468656539917,218347.09375,3.853093385696411,-34733.765625,-0.13724374775230866,106.32806135647594,6.503406917913236,0.0
UA2106,Rakhivskyi,Zakarpatska,1844.73339447,0,52.34555974837249,29,1,3,25,83239.7578125,3.777958393096924,71823.484375,3.2411320209503174,-11416.2734375,-0.13714928704160206,38.93434389506198,4.037676569489045,0.0
UA2108,Tiachivskyi,Zakarpatska,1866.78681247,1,49.17636872629376,64,1,5,58,186127.75,3.4713668823242188,160581.890625,2.9725277423858643,-25545.859375,-0.13724906347925014,86.02047622809667,3.985505448398067,0.5356798073138683
UA2110,Uzhhorodskyi,Zakarpatska,2359.46201084,4,29.396172079772064,125,3,2,120,257428.375,4.496565341949463,222098.28125,3.8457911014556885,-35330.09375,-0.1372424222854221,94.13089942945513,5.628139006591255,1.6953017177741916
UA2112,Khustskyi,Zakarpatska,3175.89892912,0,81.7850225673115,143,2,2,139,267862.25,3.125288724899292,231102.015625,2.6793503761291504,-36760.234375,-0.13723559170805144,72.76743397153238,6.187743521546795,0.0
UA2302,Berdianskyi,Zaporizka,4458.4575266,0,202.46510803203557,113,2,2,109,179281.9375,2.4814453125,154673.109375,2.1299848556518555,-24608.828125,-0.13726328746865535,34.692067481228875,7.305730159341087,0.0
UA2304,Vasylivskyi,Zaporizka,4307.66815148,0,364.140500759964,106,4,3,99,183458.46875,2.129795551300049,158274.796875,1.8202548027038574,-25183.671875,-0.13727178716027522,36.74256960128672,6.697212828124187,0.0
UA2306,Zaporizkyi,Zaporizka,4688.3457946,0,333.1346631478438,283,2,7,274,844956.4375,6.105661869049072,728996.25,5.205219745635986,-115960.1875,-0.1372380661932054,155.49114377178668,3.8820501477202387,0.0
UA2308,Melitopolskyi,Zaporizka,6959.94440633,0,332.653170065578,208,1,6,201,279753.90625,2.5981807708740234,241357.25,2.2200303077697754,-38396.65625,-0.1372515464205426,34.67804279880282,8.617930474431574,0.0
UA2310,Polohivskyi,Zaporizka,6765.65105496,0,223.08831282137308,240,5,4,231,165889.46875,1.5784865617752075,143123.453125,1.3527225255966187,-22766.015625,-0.13723605118845134,21.15442430630147,16.76874018616577,0.0
UA2602,Verkhovynskyi,Ivano-Frankivska,1254.41972258,0,92.26937231878016,43,0,1,42,31264.974609375,1.1443150043487549,26974.359375,0.9869871735572815,-4290.615234375,-0.13723392671774096,21.503456051791886,15.941064402016035,0.0
UA2604,Ivano-Frankivskyi,Ivano-Frankivska,3888.62369482,0,200.96785515316208,320,6,7,307,559209.0,4.095388889312744,482458.75,3.5057313442230225,-76750.25,-0.1372478804883326,124.0692820554169,6.632691395896541,0.0
UA2606,Kaluskyi,Ivano-Frankivska,3567.89121824,0,159.80931016234038,162,3,5,154,282769.6875,3.2582032680511475,243961.609375,2.7914505004882812,-38808.078125,-0.13724270966986163,68.37697520815769,6.640389051991595,0.0
UA2608,Kolomyiskyi,Ivano-Frankivska,2477.13336575,0,116.68405654763119,190,3,5,182,275325.9375,2.54667329788208,237542.1875,2.1817281246185303,-37783.75,-0.13723280248523625,95.89398406414809,7.998579199747414,0.0
UA2610,Kosivskyi,Ivano-Frankivska,874.52925339,0,94.52908058906863,40,1,2,37,85538.46875,2.1295177936553955,73797.5625,1.8289811611175537,-11740.90625,-0.13725878451617712,84.3854704847588,5.420233222472626,0.0
UA2612,Nadvirnianskyi,Ivano-Frankivska,1868.82310743,0,114.03998946959304,50,2,4,44,131251.25,3.1464555263519287,113240.8203125,2.695568323135376,-18010.4296875,-0.13722101456176608,60.594723953423525,4.415368933395195,0.0
UA3200,Chornobyl Exclusion Zone,Kyivska,2573.12426993,1,61.60745292742487,2,2,0,0,3.455990791320801,0.3839989900588989,3.319614887237549,0.3688460886478424,-0.13637590408325195,-0.03946072553947176,0.001290110596690247,6024.795248657052,0.38863260965907576
UA3202,Bilotserkivskyi,Kyivska,6511.45964872,0,293.6153577471753,302,5,6,291,434417.78125,2.240109920501709,374795.75,1.916986346244812,-59622.03125,-0.13724583528428028,57.559406065531874,8.05772210597372,0.0
UA3204,Boryspilskyi,Kyivska,3877.78811653,0,230.67072293862316,140,3,0,137,205641.328125,1.7059441804885864,177419.0625,1.4589543342590332,-28222.265625,-0.13724024194127443,45.75264485021984,7.890922092996631,0.0
UA3206,Brovarskyi,Kyivska,2891.228699,0,174.8882291878258,125,2,5,118,243926.03125,2.2717843055725098,210440.640625,1.9413343667984009,-33485.390625,-0.1372768230328021,72.7858853565565,5.939917291106659,0.0
UA3208,Buchanskyi,Kyivska,2556.96550499,0,157.1807682898003,141,3,10,128,378473.71875,3.2669854164123535,326520.3125,2.7874603271484375,-51953.40625,-0.13727084253455843,127.69836427702491,4.3182612107784255,0.0
UA3210,Vyshhorodskyi,Kyivska,4335.14560685,0,105.51901847180197,163,2,3,158,134262.8125,1.6457607746124268,115841.171875,1.4086601734161377,-18421.640625,-0.1372058299836375,26.721402781018103,14.070990249985332,0.0
UA3212,Obukhivskyi,Kyivska,3642.51576565,0,265.67514298699604,200,7,1,192,230141.75,1.5534478425979614,198548.03125,1.3283203840255737,-31593.71875,-0.1372793886811063,54.50848919375081,10.073129345119105,0.0
UA3214,Fastivskyi,Kyivska,1760.36415534,0,221.67862113260728,109,2,5,102,186570.84375,2.1807377338409424,160964.984375,1.8719253540039062,-25605.859375,-0.13724469944141526,91.4384582796228,6.771659092393833,0.0
UA3502,Holovanivskyi,Kirovohradska,4241.24352473,0,165.6537783877262,181,2,6,173,122225.28125,1.4211416244506836,105449.90625,1.2230613231658936,-16775.375,-0.13724963304185483,24.8629689936781,17.164548214095735,0.0
UA3504,Kropyvnytskyi,Kirovohradska,9716.64433776,0,357.6419331935588,416,4,9,403,434046.0,2.707659959793091,374478.5625,2.326690912246704,-59567.4375,-0.13723761421600475,38.53990631773287,11.108780092051331,0.0
UA3506,Novoukrainskyi,Kirovohradska,5198.89925916,0,269.3572595040339,242,4,3,235,139273.96875,1.564278483390808,120159.6328125,1.342235803604126,-19114.3359375,-0.13724270306255634,23.112514173224145,20.13987512575231,0.0
UA3508,Oleksandriiskyi,Kirovohradska,5417.80060472,0,395.1500248966885,188,2,9,177,222997.25,2.535557985305786,192401.578125,2.1753809452056885,-30595.671875,-0.13720201426250772,35.51285699908914,9.771229624627072,0.0
UA4402,Alchevskyi,Luhanska,1992.03250274,0,110.37199208721141,91,11,25,55,439006.375,5.59643030166626,378753.03125,4.828200817108154,-60253.34375,-0.13724935941989452,190.13396153377667,2.4026210351286794,0.0
UA4404,Dovzhanskyi,Luhanska,2141.33393763,5,24.7030257046212,98,4,17,77,205516.0625,4.226377487182617,177279.609375,3.6457033157348633,-28236.453125,-0.13739292579625012,82.78933344287753,5.527990519919319,2.3349931144013594
UA4406,Luhanskyi,Luhanska,2148.48328117,0,59.055458515116435,98,4,15,79,529582.75,7.767876625061035,456899.3125,6.701761722564697,-72683.4375,-0.1372466106571636,212.66133020648235,2.144892699964393,0.0
UA4408,Rovenkivskyi,Luhanska,2085.45702363,0,47.8420131686406,94,6,26,62,297795.53125,4.821350574493408,256927.46875,4.159690856933594,-40868.0625,-0.13723531151879903,123.19959885952741,3.6586200945086764,0.0
UA4410,Svativskyi,Luhanska,5314.65963007,2,73.7131506736737,181,1,5,175,78799.109375,1.2430646419525146,67986.6328125,1.0724966526031494,-10812.4765625,-0.13721572043465752,12.792283522323054,26.62288048581241,0.37631760812755144
UA4412,Siverskodonetskyi,Luhanska,2696.58924292,0,145.12365834090377,87,9,13,65,366385.53125,4.816489219665527,316101.625,4.155459403991699,-50283.90625,-0.13724315498607725,117.22275679543598,2.7522794291234662,0.0
UA4414,Starobilskyi,Luhanska,6941.48887471,4,52.336919014344126,194,1,5,188,126247.8125,1.4373128414154053,108908.21875,1.2399041652679443,-17339.59375,-0.1373456965838517,15.689460966621507,17.81316435312647,0.5762452511554462
UA4416,Shchastynskyi,Luhanska,3367.70984306,4,52.83352813278414,83,1,3,79,80344.4375,1.6745052337646484,69319.046875,1.4447187185287476,-11025.390625,-0.1372265581546949,20.5834380351529,11.97362106690103,1.187750782105825
UA4602,Drohobytskyi,Lvivska,1490.45464779,0,88.09277246628015,89,4,3,82,235674.828125,4.670157432556152,203330.78125,4.0039143562316895,-32344.046875,-0.137240141988541,136.42198476249686,4.37710411836624,0.0
UA4604,Zolochivskyi,Lvivska,2921.42681146,0,141.82813158572262,277,3,4,270,161214.375,2.1710619926452637,139087.453125,1.866519808769226,-22126.921875,-0.13725154394575545,47.609425839249504,19.915527517141026,0.0
UA4606,Lvivskyi,Lvivska,4964.83990771,1,92.24945020928249,530,12,9,509,1143188.125,5.803544998168945,986293.3125,4.91363000869751,-156894.8125,-0.13724321401606582,198.65561243341708,5.373655009954252,0.20141636358648338
UA4608,Sambirskyi,Lvivska,3251.66563697,2,43.534549379558506,286,7,4,275,224546.046875,2.683293581008911,193728.265625,2.308377504348755,-30817.78125,-0.13724481761709928,59.57816308737138,14.762946391808953,0.6150693900568633
UA4610,Stryiskyi,Lvivska,3855.460705,0,130.63118952942133,292,7,6,279,321867.5,3.27824068069458,277692.96875,2.7978858947753906,-44174.53125,-0.1372444600650889,72.02588484169235,10.51521042518294,0.0
UA4612,Sheptytskyi,Lvivska,2965.26703882,1,52.57279518810277,205,7,4,194,227925.734375,3.0348823070526123,196643.40625,2.5966382026672363,-31282.328125,-0.13724789879817625,66.31558091585991,10.424961808247765,0.3372377552876117
UA4614,Yavorivskyi,Lvivska,2376.08483477,3,31.349639320776593,248,4,4,240,179674.359375,2.5102248191833496,155004.453125,2.157574415206909,-24669.90625,-0.13730343236405376,65.23523523098623,15.999540335786724,1.2625811823298783
UA4802,Bashtanskyi,Mykolaivska,6711.88380053,0,314.4852440191911,279,3,2,274,136618.5,1.5724422931671143,117867.796875,1.3397722244262695,-18750.703125,-0.1372486385445602,17.561060408359964,23.67058750541357,0.0
UA4804,Voznesenskyi,Mykolaivska,6154.13865642,0,207.59307101507147,253,2,7,244,177776.0,1.9892579317092896,153379.59375,1.7001938819885254,-24396.40625,-0.1372311574678247,24.922999352637973,16.495023478310653,0.0
UA4806,Mykolaivskyi,Mykolaivska,7679.87652454,0,204.41028321450133,238,3,4,231,641510.875,4.705987930297852,553471.0,4.027733325958252,-88039.875,-0.13723832039480235,72.06769512914157,4.3001349664210045,0.0
UA4808,Pervomaiskyi,Mykolaivska,3792.86109174,0,169.6235115599987,141,1,4,136,148006.875,1.989928126335144,127694.671875,1.7043908834457397,-20312.203125,-0.1372382406222684,33.667110075053984,11.04196423622315,0.0
UA5102,Berezivskyi,Odeska,5554.04803497,0,93.45661623090584,226,1,6,219,106744.140625,1.4176037311553955,92093.328125,1.2145990133285522,-14650.8125,-0.13725167877335187,16.581298459277267,24.540322800935805,0.0
UA5104,Bilhorod-Dnistrovskyi,Odeska,5186.49201459,1,55.11754026652559,134,2,3,129,199204.53125,2.524036407470703,171857.1875,2.164884567260742,-27347.34375,-0.13728273939551763,33.135534965937005,7.797171706885987,0.1928085490514443
UA5106,Bolhradskyi,Odeska,4481.59660897,6,19.196366533804206,99,2,4,93,146964.46875,2.6866378784179688,126796.2578125,2.298866033554077,-20168.2109375,-0.13723188406721606,28.29265301538182,7.80780140581091,1.338808581743142
UA5108,Izmailskyi,Odeska,3550.26899948,5,28.931031389302202,52,4,1,47,207106.8125,3.6958940029144287,178683.65625,3.1720306873321533,-28423.15625,-0.13723911785856877,50.32961059462576,2.9101710302617563,1.4083439876618755
UA5110,Odeskyi,Odeska,3951.64203206,2,62.9256571868437,155,5,9,141,1383525.875,9.420199394226074,1193629.5,8.033689498901367,-189896.375,-0.13725538382142655,302.0591162650829,1.2985603991858445,0.50611871818698
UA5112,Podilskyi,Odeska,7054.95915544,8,50.01258336130985,299,4,5,290,223106.1875,1.7166900634765625,192485.75,1.474602460861206,-30620.4375,-0.13724602550523168,27.28375115419008,15.533617423627463,1.133954119894697
UA5114,Rozdilnianskyi,Odeska,3569.23183588,7,36.20127977489161,209,1,5,203,103249.25,2.0038280487060547,89076.375,1.7208503484725952,-14172.875,-0.1372685515875418,24.956735537476813,23.46301137647328,1.9612063104536719
UA5302,Kremenchutskyi,Poltavska,6101.58236651,0,313.6602840400075,325,3,4,318,391456.125,3.086463212966919,337728.625,2.6437511444091797,-53727.5,-0.13725037512186072,55.35099007328077,9.623110863048698,0.0
UA5304,Lubenskyi,Poltavska,5489.13892298,0,266.53895824576387,345,4,3,338,188086.0,1.6543468236923218,162272.71875,1.419994592666626,-25813.28125,-0.13724190662781918,29.562508988550746,21.26050531830385,0.0
UA5306,Myrhorodskyi,Poltavska,6274.51900947,0,205.59516638747584,423,4,5,414,200928.34375,1.4544742107391357,173359.296875,1.2473686933517456,-27569.046875,-0.13720835179581278,27.629097403857163,24.400191257409308,0.0
UA5308,Poltavskyi,Poltavska,10857.54249741,0,188.21502330135897,746,5,8,733,587873.0,2.3147430419921875,507182.9375,1.9798222780227661,-80690.0625,-0.13725764323246686,46.71249848858389,14.708696701769467,0.0
UA5602,Varaskyi,Rivnenska,3327.00723446,2,58.74254126180208,116,1,3,112,139436.0625,2.2089931964874268,120299.5390625,1.8960933685302734,-19136.5234375,-0.1372422821929585,36.15848436290689,9.642597212258126,0.6011408629607673
UA5604,Dubenskyi,Rivnenska,3295.17701496,0,168.023643935991,303,2,3,298,168121.578125,1.8499089479446411,145048.1875,1.5859887599945068,-23073.390625,-0.1372422914555603,44.018329468033365,20.889609530625812,0.0
UA5606,Rivnenskyi,Rivnenska,7219.03574207,0,191.43359451951565,439,6,6,427,626875.125,3.2356014251708984,540839.875,2.772613525390625,-86035.25,-0.13724463863516678,74.91857559980976,8.117005056256254,0.0
UA5608,Sarnenskyi,Rivnenska,6216.05720049,1,63.23749703913001,168,2,4,162,213776.84375,2.0355823040008545,184437.03125,1.7476550340652466,-29339.8125,-0.1372450448108929,29.671064036454037,9.108799835987384,0.16087368049334744
UA5902,Konotopskyi,Sumska,5188.40009665,0,81.19118562499547,310,4,1,305,198166.640625,2.1075055599212646,170969.5,1.8087416887283325,-27197.140625,-0.1372437890616838,32.95225827136771,18.1318890211412,0.0
UA5904,Okhtyrskyi,Sumska,3201.53982689,1,66.89850077793223,185,2,3,180,122870.921875,1.7532200813293457,106008.375,1.5058221817016602,-16862.546875,-0.13723789662907174,33.11168398082286,17.45145135938552,0.3123496986046891
UA5906,Romenskyi,Sumska,3883.24419273,0,113.51791808388964,297,1,3,293,110251.8828125,1.4120917320251465,95120.671875,1.2120834589004517,-15131.2109375,-0.1372421998745628,24.495155893899174,31.223496864098447,0.0
UA5908,Sumskyi,Sumska,6496.15643446,4,71.5259256388224,450,4,7,439,437611.0625,2.939354181289673,377553.1875,2.519221305847168,-60057.875,-0.13724030342583032,58.11947284662096,11.918850506327669,0.6157487185470626
UA5910,Shostkynskyi,Sumska,5072.67295496,2,60.68410244025437,247,4,6,237,183241.53125,2.235661506652832,158091.3125,1.9203317165374756,-25150.21875,-0.13725173861206752,31.16528778884122,15.623881925833212,0.3942694547347909
UA6102,Kremenetskyi,Ternopilska,2636.02172313,0,221.5602693977844,204,4,1,199,142528.359375,1.800032377243042,122967.046875,1.5438424348831177,-19561.3125,-0.13724505484928165,46.64872288267394,16.589810456078744,0.0
UA6104,Ternopilskyi,Ternopilska,6161.7098524,0,238.9404241314943,492,7,8,477,562147.25,3.251830816268921,484997.96875,2.7787210941314697,-77149.28125,-0.1372403427215912,78.71158823895159,10.144372383002892,0.0
UA6106,Chortkivskyi,Ternopilska,5035.57563666,0,152.210885846433,362,7,8,347,326227.96875,2.2952463626861572,281455.875,1.9639242887496948,-44772.09375,-0.13724173902548018,55.89348573198758,12.861696349383363,0.0
UA6302,Bohodukhivskyi,Kharkivska,4509.86606281,1,59.39490259141684,353,2,6,345,125122.625,1.1274746656417847,107949.015625,0.9669038653373718,-17173.609375,-0.1372542286017417,23.936191035735398,32.700622414777115,0.22173607510129065
UA6304,Iziumskyi,Kharkivska,5911.31944087,0,158.32030962745546,228,3,4,221,174686.03125,2.136780023574829,150710.171875,1.832431674003601,-23975.859375,-0.1372511539900246,25.495183162156973,15.128375023625127,0.0
UA6306,Berestynskyi,Kharkivska,4333.93345702,0,187.20204804587618,220,1,4,215,106517.28125,1.2762521505355835,91898.0625,1.0923340320587158,-14619.21875,-0.13724738914137466,21.2043086058799,23.939568910933243,0.0
UA6308,Kupianskyi,Kharkivska,4619.99861243,2,53.58459139835417,269,1,6,262,133068.203125,1.9639613628387451,114805.5859375,1.6798195838928223,-18262.6171875,-0.13724253246543566,24.84970138922081,23.43091564781902,0.43290056291771295
UA6310,Lozivskyi,Kharkivska,4028.90005325,0,215.7592537147843,247,2,4,241,150005.765625,2.5071160793304443,129417.71875,2.146230936050415,-20588.046875,-0.13724837034909804,32.122345314970616,19.085485541368346,0.0
UA6312,Kharkivskyi,Kharkivska,3223.81200301,3,53.69467110587029,208,5,23,180,1733602.0,9.969474792480469,1495683.375,8.535008430480957,-237918.625,-0.13723947307398124,463.9486960168628,1.390668663412803,0.9305753552623317
UA6314,Chuhuivskyi,Kharkivska,4807.04908147,1,73.16222962139011,226,3,12,211,196970.34375,2.0006535053253174,169932.125,1.7143043279647827,-27038.21875,-0.1372705059819443,35.350611595593406,13.299427639123563,0.20802783226298974
UA6502,Beryslavskyi,Khersonska,4760.54834724,0,390.36047385500467,151,1,7,143,96216.03125,1.7718037366867065,83008.921875,1.5169204473495483,-13207.109375,-0.1372651646863682,17.436840426823032,18.190815708627706,0.0
UA6504,Henicheskyi,Khersonska,6504.65892638,0,431.4519695209838,163,1,6,156,120249.984375,1.6213845014572144,103738.390625,1.3875446319580078,-16511.59375,-0.1373105687773608,15.948321318475791,15.71260157574861,0.0
UA6506,Kakhovskyi,Khersonska,6289.95801603,0,424.6587218982052,162,3,8,151,219381.125,2.628105640411377,189267.84375,2.247516393661499,-30113.28125,-0.1372646860571984,30.09047807118102,8.559298652653457,0.0
UA6508,Skadovskyi,Khersonska,5247.68483874,0,279.58589534592375,114,2,3,109,124781.578125,1.4405797719955444,107647.828125,1.2299095392227173,-17133.75,-0.1373099319423277,20.513394274425764,10.590088252186927,0.0
UA6510,Khersonskyi,Khersonska,3854.08360006,0,297.1389943657554,106,2,7,97,454258.1875,4.405013084411621,391922.9375,3.7680187225341797,-62335.25,-0.13722427402588094,101.69030518536198,2.704613327205428,0.0
UA6802,Kamianets-Podilskyi,Khmelnytska,4522.57969132,0,66.4221471868588,338,2,6,330,284031.15625,2.1036384105682373,245050.375,1.804042935371399,-38980.78125,-0.1372412159449497,54.18376053611947,13.793082340722801,0.0
UA6804,Khmelnytskyi,Khmelnytska,10758.37597776,0,179.81084471010573,749,6,14,729,675875.25,2.331448554992676,583116.3125,1.9967890977859497,-92758.9375,-0.1372426901266173,54.20114650254215,12.844778716424607,0.0
UA6806,Shepetivskyi,Khmelnytska,5346.39592078,0,263.0601646907384,364,5,4,355,279507.09375,2.163652181625366,241147.375,1.8543522357940674,-38359.71875,-0.13724059105387196,45.10466089178416,15.094503931465146,0.0
UA7102,Zvenyhorodskyi,Cherkaska,5280.53879698,0,277.8097622060686,243,4,5,234,198168.5625,1.4532109498977661,170972.3125,1.2454004287719727,-27196.25,-0.13723796376632647,32.37781580125517,14.212827588677552,0.0
UA7104,Zolotoniskyi,Cherkaska,4256.67000383,0,338.1797294678282,168,1,2,165,139091.96875,1.443536639213562,119996.953125,1.2376433610916138,-19095.015625,-0.13728338017359468,28.190334937176484,14.000355477775804,0.0
UA7106,Umanskyi,Cherkaska,4517.66999542,0,198.82030660781587,199,4,5,190,252243.0625,2.0615673065185547,217624.734375,1.7668790817260742,-34618.328125,-0.13724194347267726,48.17189714955437,9.144181178279727,0.0
UA7108,Cherkaskyi,Cherkaska,6884.28982391,0,379.24438225008646,244,7,2,235,587780.1875,3.165316104888916,507117.4375,2.7097856998443604,-80662.75,-0.1372328494825287,73.66299944820999,4.811508774040135,0.0
UA7302,Vyzhnytskyi,Chernivetska,1878.4446507,0,48.86942585685376,95,2,2,91,91135.3125,1.6346848011016846,78626.203125,1.4069033861160278,-12509.109375,-0.1372586435691434,41.85707739416226,12.082486019192473,0.0
UA7304,Dnistrovskyi,Chernivetska,2116.88658728,8,7.923038689192313,107,3,1,103,154747.46875,2.1651785373687744,133511.078125,1.852545142173767,-21236.390625,-0.13723255570214293,63.06954700702656,8.014316227738124,3.779134908818732
UA7306,Chernivetskyi,Chernivetska,4099.33562175,3,48.46021078513898,215,6,5,204,652540.0,3.3261632919311523,562981.875,2.8478879928588867,-89558.125,-0.13724541790541575,137.33490666462285,3.8189506544948717,0.7318259046863073
UA7402,Koriukivskyi,Chernihivska,4598.25158183,0,84.0741721111665,218,3,3,212,89008.1875,1.1738632917404175,76792.40625,1.007285237312317,-12215.78125,-0.13724334348455303,16.700349009489898,28.388223607721628,0.0
UA7404,Nizhynskyi,Chernihivska,7222.99527272,0,170.23775751685687,318,6,2,310,219617.25,1.4346754550933838,189476.25,1.2301815748214722,-30141.0,-0.13724331763556824,26.23236522327779,16.78310606210541,0.0
UA7406,Novhorod-Siverskyi,Chernihivska,4635.22213135,2,66.88579160240383,222,2,2,218,64722.671875,1.013318419456482,55837.41796875,0.8704196214675903,-8885.25390625,-0.13728193921614118,12.046330550395316,39.758285407152,0.43147878210046076
UA7408,Prylutskyi,Chernihivska,5212.71740115,0,218.01839372069978,279,2,9,268,152934.171875,1.4618202447891235,131945.109375,1.2561177015304565,-20989.0625,-0.1372424634904703,25.312154721046458,21.145156597434514,0.0
UA7410,Chernihivskyi,Chernihivska,10229.50714182,8,59.18549903047058,472,3,13,456,449759.3125,2.4156062602996826,388022.71875,2.079413414001465,-61736.59375,-0.1372658487199195,37.931711994578485,12.164236195254997,0.7820513626990504
UA8000,Kyiv,Kyiv,823.1909526,0,168.24501787905012,1,1,0,0,2944634.5,37.04269027709961,2540533.0,31.728504180908203,-404101.5,-0.13723316085578702,3086.201314501668,0.003936181895688818,0.0
UA8500,Sevastopol,Sevastopol,57.44771938,0,454.74279470673144,1,1,0,0,287582.3125,30.685266494750977,253734.109375,27.07074737548828,-33848.203125,-0.11769918264705519,4416.782983091503,0.039411335057127656,0.0
