target,experiment,algorithm,split,threshold,accuracy,precision,recall,f1,avg_precision,roc_auc,positive_rate,predicted_positive_rate,n_rows,n_positive,top_10_precision,top_10_recall,top_20pct_precision,top_20pct_recall,forecast_window_weeks,forecast_window_label
y_next_battle_any,naive_baseline,naive,test,0.5,0.960431654676259,0.84,0.8316831683168316,0.835820895522388,0.7189975544317021,0.9049275323166696,0.1211031175059952,0.1199040767386091,1668,202,0.8416666666666668,0.5056956115779645,0.5,0.8386758870214752,1,next_week
y_next_battle_any,model1_non_acled_only,linear,test,0.65,0.8914868105515588,0.5458515283842795,0.6188118811881188,0.580046403712297,0.5672139503677566,0.9021382356516688,0.1211031175059952,0.1372901678657074,1668,202,0.5833333333333333,0.3482162309368192,0.4821428571428571,0.8064678649237472,1,next_week
y_next_battle_any,model1_non_acled_only,lightgbm,test,0.2,0.9310551558752996,0.6719367588932806,0.8415841584158416,0.7472527472527473,0.8641608387864457,0.9718199991895506,0.1211031175059952,0.1516786570743405,1668,202,0.9333333333333336,0.55932442421413,0.556547619047619,0.927160169623405,1,next_week
y_next_battle_any,model1_non_acled_only,catboost,test,0.2,0.935251798561151,0.7582417582417582,0.6831683168316832,0.71875,0.8665095246002009,0.973977820701579,0.1211031175059952,0.1091127098321343,1668,202,0.9333333333333336,0.5596307967631496,0.5833333333333333,0.9724206349206348,1,next_week
y_next_battle_any,model1_non_acled_only,gru,test,0.8,0.9436450839328536,0.7755102040816326,0.7524752475247525,0.7638190954773869,0.8794148865285147,0.9760579741466644,0.1211031153798103,0.1175059952038369,1668,202,0.9666666666666668,0.5816623871770931,0.5684523809523809,0.9469586445689386,1,next_week
y_next_battle_any,model2_plus_lagged_acled,linear,test,0.9,0.962230215827338,0.9161676646706588,0.7574257425742574,0.8292682926829268,0.9159484562631756,0.9810827603906368,0.1211031175059952,0.1001199040767386,1668,202,0.9916666666666668,0.5969401649548709,0.5595238095238095,0.9338060224089636,1,next_week
y_next_battle_any,model2_plus_lagged_acled,lightgbm,test,0.4,0.9616306954436452,0.8194444444444444,0.8762376237623762,0.84688995215311,0.9373960148937202,0.985151891723961,0.1211031175059952,0.1294964028776978,1668,202,1.0,0.6018421257391846,0.5714285714285714,0.9510504201680672,1,next_week
y_next_battle_any,model2_plus_lagged_acled,catboost,test,0.25,0.960431654676259,0.8148148148148148,0.8712871287128713,0.8421052631578947,0.9335760088640744,0.9865769319087434,0.1211031175059952,0.1294964028776978,1668,202,0.9916666666666668,0.596286570183629,0.5773809523809523,0.9612356053532524,1,next_week
y_next_battle_any,model2_plus_lagged_acled,gru,test,0.75,0.933453237410072,0.6743295019157088,0.8712871287128713,0.7602591792656588,0.9094345175974948,0.9804006321505274,0.1211031153798103,0.1564748201438849,1668,202,0.9833333333333334,0.5923105353252412,0.5654761904761905,0.9439163165266108,1,next_week
y_next_explosions_remote_any,naive_baseline,naive,test,0.5,0.8441247002398081,0.764808362369338,0.7783687943262412,0.7715289982425307,0.6702430108696793,0.8280430928152944,0.3381294964028777,0.3441247002398082,1668,564,0.7833333333333333,0.1672005123645906,0.7857142857142857,0.4704865799372474,1,next_week
y_next_explosions_remote_any,model1_non_acled_only,linear,test,0.45,0.7535971223021583,0.6110304789550073,0.7464539007092199,0.6719872306464485,0.7694535808716689,0.8338504728132388,0.3381294964028777,0.4130695443645084,1668,564,0.9916666666666668,0.213471245384773,0.7857142857142856,0.4714655576325043,1,next_week
y_next_explosions_remote_any,model1_non_acled_only,lightgbm,test,0.55,0.8639088729016786,0.8404040404040404,0.7375886524822695,0.785646836638338,0.8881707889952104,0.9128298771713432,0.3381294964028777,0.2967625899280575,1668,564,0.9916666666666668,0.213471245384773,0.9791666666666664,0.5897415028734894,1,next_week
y_next_explosions_remote_any,model1_non_acled_only,catboost,test,0.4,0.8699040767386091,0.8519269776876268,0.7446808510638298,0.7947019867549668,0.8930715976582462,0.9196169313392948,0.3381294964028777,0.2955635491606714,1668,564,0.9916666666666668,0.213471245384773,0.9821428571428572,0.5916354422674288,1,next_week
y_next_explosions_remote_any,model1_non_acled_only,gru,test,0.55,0.86810551558753,0.832046332046332,0.7641843971631206,0.7966728280961183,0.8997963223831501,0.9235532942748484,0.3381294906139374,0.3105515587529976,1668,564,1.0,0.2153651847787124,0.9851190476190476,0.5937460795325282,1,next_week
y_next_explosions_remote_any,model2_plus_lagged_acled,linear,test,0.65,0.8525179856115108,0.8057692307692308,0.7429078014184397,0.7730627306273062,0.8957970363177122,0.918409201870696,0.3381294964028777,0.3117505995203837,1668,564,1.0,0.2153651847787124,0.9910714285714284,0.5974230443896174,1,next_week
y_next_explosions_remote_any,model2_plus_lagged_acled,lightgbm,test,0.6,0.8711031175059952,0.8469184890656064,0.7553191489361702,0.7985004686035614,0.9027586881747124,0.922623406824956,0.3381294964028777,0.3015587529976019,1668,564,1.0,0.2153651847787124,0.9940476190476192,0.598935595530315,1,next_week
y_next_explosions_remote_any,model2_plus_lagged_acled,catboost,test,0.4,0.8657074340527577,0.821969696969697,0.7695035460992907,0.7948717948717948,0.9041836257706892,0.9247915381848082,0.3381294964028777,0.316546762589928,1668,564,1.0,0.2153651847787124,0.9910714285714284,0.5970416561363755,1,next_week
y_next_explosions_remote_any,model2_plus_lagged_acled,gru,test,0.65,0.8585131894484412,0.8129770992366412,0.7553191489361702,0.7830882352941176,0.8948322315303465,0.91772664199815,0.3381294906139374,0.3141486810551558,1668,564,1.0,0.2153651847787124,0.9940476190476192,0.5992346385925159,1,next_week
y_next_violence_against_civilians_any,naive_baseline,naive,test,0.5,0.9322541966426858,0.4,0.4301075268817204,0.4145077720207253,0.2038175910884196,0.6960061443932413,0.0557553956834532,0.0599520383693045,1668,93,0.35,0.457855339105339,0.1488095238095238,0.5378517316017316,1,next_week
y_next_violence_against_civilians_any,model1_non_acled_only,linear,test,0.8,0.9118705035971224,0.3223684210526316,0.5268817204301075,0.4,0.2970666814319062,0.8775149342891277,0.0557553956834532,0.0911270983213429,1668,93,0.3583333333333333,0.4657227032227032,0.2142857142857142,0.7732112794612794,1,next_week
y_next_violence_against_civilians_any,model1_non_acled_only,lightgbm,test,0.45,0.9430455635491608,0.4883720930232558,0.4516129032258064,0.4692737430167598,0.3819578200119702,0.8593275302952722,0.0557553956834532,0.0515587529976019,1668,93,0.3999999999999999,0.5199915824915825,0.2083333333333333,0.7559132996632996,1,next_week
y_next_violence_against_civilians_any,model1_non_acled_only,catboost,test,0.2,0.9496402877697842,0.5542168674698795,0.4946236559139785,0.5227272727272727,0.4838523958587937,0.881457586618877,0.0557553956834532,0.0497601918465227,1668,93,0.4333333333333333,0.5643728956228956,0.2261904761904761,0.8230098605098606,1,next_week
y_next_violence_against_civilians_any,model1_non_acled_only,gru,test,0.9,0.9496402877697842,0.5584415584415584,0.4623655913978494,0.5058823529411764,0.440992576233435,0.9048233486943164,0.0557553954422473,0.0461630695443645,1668,93,0.4166666666666667,0.5440656565656565,0.2202380952380952,0.7977122414622415,1,next_week
y_next_violence_against_civilians_any,model2_plus_lagged_acled,linear,test,0.85,0.9166666666666666,0.3486842105263157,0.5698924731182796,0.4326530612244898,0.353916490366068,0.8700256016385048,0.0557553956834532,0.0911270983213429,1668,93,0.3916666666666666,0.5182720057720058,0.2083333333333333,0.7539261664261664,1,next_week
y_next_violence_against_civilians_any,model2_plus_lagged_acled,lightgbm,test,0.45,0.9424460431654677,0.4805194805194805,0.3978494623655914,0.4352941176470588,0.3851847642414088,0.840552995391705,0.0557553956834532,0.0461630695443645,1668,93,0.4083333333333334,0.5262746512746512,0.2053571428571428,0.7484698172198172,1,next_week
y_next_violence_against_civilians_any,model2_plus_lagged_acled,catboost,test,0.2,0.9490407673860912,0.5487804878048781,0.4838709677419355,0.5142857142857142,0.4853890070788961,0.9136712749615976,0.0557553956834532,0.0491606714628297,1668,93,0.45,0.5802819865319866,0.2410714285714285,0.8715879028379029,1,next_week
y_next_violence_against_civilians_any,model2_plus_lagged_acled,gru,test,0.8,0.9382494004796164,0.4553571428571428,0.5483870967741935,0.4975609756097561,0.4204398972866583,0.9025567502986858,0.0557553954422473,0.0671462829736211,1668,93,0.4166666666666667,0.5379178691678692,0.2232142857142856,0.8044612794612794,1,next_week
y_next_air_drone_any,naive_baseline,naive,test,0.5,0.854916067146283,0.7713248638838476,0.7855822550831792,0.7783882783882784,0.6754834904799926,0.8368905064235772,0.3243405275779376,0.3303357314148681,1668,541,0.85,0.1899309438085027,0.7976190476190476,0.5003406311955197,1,next_week
y_next_air_drone_any,model1_non_acled_only,linear,test,0.6,0.7823741007194245,0.7069767441860465,0.5619223659889094,0.6261585993820803,0.7687735799085508,0.8416058861059493,0.3243405275779376,0.2577937649880096,1668,541,0.9916666666666668,0.2224003416967543,0.7827380952380952,0.489096773250359,1,next_week
y_next_air_drone_any,model1_non_acled_only,lightgbm,test,0.65,0.8764988009592326,0.8764044943820225,0.7208872458410351,0.7910750507099391,0.894967329143493,0.925183735794406,0.3243405275779376,0.2667865707434053,1668,541,0.9916666666666668,0.2224003416967543,0.9761904761904762,0.6123573249590991,1,next_week
y_next_air_drone_any,model1_non_acled_only,catboost,test,0.45,0.8836930455635491,0.8813186813186813,0.7412199630314233,0.8052208835341366,0.8991068647299172,0.9296858983085317,0.3243405275779376,0.2727817745803357,1668,541,0.9916666666666668,0.2224003416967543,0.9821428571428572,0.6163255789273531,1,next_week
y_next_air_drone_any,model1_non_acled_only,gru,test,0.6,0.8920863309352518,0.8915401301518439,0.7597042513863216,0.8203592814371258,0.9025698702989524,0.9284361176761952,0.3243405222892761,0.276378896882494,1668,541,1.0,0.2243844686808813,0.9821428571428572,0.6163255789273531,1,next_week
y_next_air_drone_any,model2_plus_lagged_acled,linear,test,0.5,0.85431654676259,0.7516891891891891,0.822550831792976,0.7855251544571933,0.9025282554321384,0.9258643906007312,0.3243405275779376,0.354916067146283,1668,541,1.0,0.2243844686808813,0.9940476190476192,0.6243082583382138,1,next_week
y_next_air_drone_any,model2_plus_lagged_acled,lightgbm,test,0.5,0.8735011990407674,0.8113207547169812,0.7948243992606284,0.8029878618113913,0.911286136410103,0.933664858694422,0.3243405275779376,0.3177458033573141,1668,541,1.0,0.2243844686808813,0.994047619047619,0.6240994028662005,1,next_week
y_next_air_drone_any,model2_plus_lagged_acled,catboost,test,0.45,0.882494004796163,0.8571428571428571,0.7652495378927912,0.80859375,0.9104457482060756,0.932582371532556,0.3243405275779376,0.289568345323741,1668,541,1.0,0.2243844686808813,0.9910714285714284,0.6221152758820735,1,next_week
y_next_air_drone_any,model2_plus_lagged_acled,gru,test,0.55,0.8729016786570744,0.8194174757281554,0.7800369685767098,0.7992424242424242,0.90706840186763,0.9329087578131792,0.3243405222892761,0.3087529976019185,1668,541,1.0,0.2243844686808813,0.9970238095238094,0.6262923853223408,1,next_week
y_next_strategic_developments_any,naive_baseline,naive,test,0.5,0.8273381294964028,0.688034188034188,0.6939655172413793,0.6909871244635193,0.5626038956633103,0.7863515293848093,0.2781774580335731,0.2805755395683453,1668,464,0.7583333333333334,0.1994015957361234,0.699404761904762,0.5143558983391474,1,next_week
y_next_strategic_developments_any,model1_non_acled_only,linear,test,0.5,0.7446043165467626,0.5320945945945946,0.6788793103448276,0.5965909090909091,0.6052640535028926,0.7941273341734449,0.2781774580335731,0.354916067146283,1668,464,0.6833333333333332,0.1785425932339305,0.6517857142857143,0.4792390949604595,1,next_week
y_next_strategic_developments_any,model1_non_acled_only,lightgbm,test,0.5,0.802158273381295,0.6384297520661157,0.665948275862069,0.6518987341772152,0.6853999268938369,0.8309550063008363,0.2781774580335731,0.290167865707434,1668,464,0.875,0.2296838579793364,0.6636904761904762,0.4884467575595949,1,next_week
y_next_strategic_developments_any,model1_non_acled_only,catboost,test,0.4,0.7961630695443646,0.6448598130841121,0.5948275862068966,0.6188340807174888,0.6938366441317441,0.8414140365448505,0.2781774580335731,0.2565947242206235,1668,464,0.8833333333333333,0.2327618073251027,0.6607142857142858,0.4869917794144739,1,next_week
y_next_strategic_developments_any,model1_non_acled_only,gru,test,0.5,0.7422062350119905,0.5243553008595988,0.7887931034482759,0.6299483648881239,0.6209527425041229,0.8130405831137587,0.2781774699687958,0.4184652278177458,1668,464,0.8333333333333334,0.2183766101589307,0.6547619047619048,0.4802692158370716,1,next_week
y_next_strategic_developments_any,model2_plus_lagged_acled,linear,test,0.6,0.7781774580335732,0.5818815331010453,0.7198275862068966,0.6435452793834296,0.6816719444782533,0.8330403683125215,0.2781774580335731,0.3441247002398082,1668,464,0.8583333333333334,0.2251741396614786,0.6845238095238096,0.5056107699255329,1,next_week
y_next_strategic_developments_any,model2_plus_lagged_acled,lightgbm,test,0.55,0.8009592326139089,0.6346938775510204,0.6702586206896551,0.6519916142557652,0.7321937484436687,0.8518605367166915,0.2781774580335731,0.2937649880095923,1668,464,0.9250000000000002,0.2442484614652657,0.75,0.5533197876662032,1,next_week
y_next_strategic_developments_any,model2_plus_lagged_acled,catboost,test,0.45,0.8177458033573142,0.6739130434782609,0.6681034482758621,0.670995670995671,0.7369457609541682,0.8592819194638561,0.2781774580335731,0.2757793764988009,1668,464,0.9,0.238106105111261,0.7410714285714287,0.5445832093059689,1,next_week
y_next_strategic_developments_any,model2_plus_lagged_acled,gru,test,0.65,0.7961630695443646,0.6111111111111112,0.7349137931034483,0.6673189823874756,0.7347326074947598,0.8591673588039866,0.2781774699687958,0.3345323741007194,1668,464,0.9166666666666669,0.2417178787811742,0.7738095238095238,0.5702745928879766,1,next_week
y_next_battle_any,naive_baseline,naive,test,0.5,0.9718225419664268,0.9012875536480688,0.8974358974358975,0.8993576017130621,0.8232362937645922,0.940698422915996,0.1402877697841726,0.1396882494004796,1668,234,0.9166666666666666,0.4775166681736374,0.625,0.9010109352260888,2,next_2_weeks
y_next_battle_any,model1_non_acled_only,linear,test,0.7,0.8860911270983214,0.6,0.5641025641025641,0.5814977973568282,0.5808337756365173,0.8928912014686073,0.1402877697841726,0.13189448441247,1668,234,0.6,0.3077907700190309,0.5416666666666666,0.7820388454020167,2,next_2_weeks
y_next_battle_any,model1_non_acled_only,lightgbm,test,0.55,0.934052757793765,0.7924528301886793,0.717948717948718,0.7533632286995515,0.877034456125831,0.974877516718521,0.1402877697841726,0.1270983213429256,1668,234,0.9666666666666668,0.5021378802948495,0.6369047619047618,0.9177629610254292,2,next_2_weeks
y_next_battle_any,model1_non_acled_only,catboost,test,0.25,0.9382494004796164,0.7963800904977375,0.7521367521367521,0.7736263736263737,0.8832053893081535,0.9766387726638772,0.1402877697841726,0.132494004796163,1668,234,0.9583333333333334,0.4972359195105358,0.6607142857142857,0.9541148376346588,2,next_2_weeks
y_next_battle_any,model1_non_acled_only,gru,test,0.8,0.9100719424460432,0.6409395973154363,0.8162393162393162,0.7180451127819549,0.8440982848950719,0.9663752100990596,0.140287771821022,0.1786570743405275,1668,234,0.9250000000000002,0.4806497681417758,0.6279761904761905,0.903329409827172,2,next_2_weeks
y_next_battle_any,model2_plus_lagged_acled,linear,test,0.75,0.9364508393285372,0.756,0.8076923076923077,0.78099173553719,0.8936051939161372,0.9717543420472292,0.1402877697841726,0.1498800959232614,1668,234,0.9833333333333334,0.5135269467910132,0.6190476190476191,0.8921360880759859,2,next_2_weeks
y_next_battle_any,model2_plus_lagged_acled,lightgbm,test,0.65,0.948441247002398,0.8083333333333333,0.8290598290598291,0.8185654008438819,0.9162956832503212,0.9791212197069938,0.1402877697841726,0.1438848920863309,1668,234,0.9916666666666668,0.5168778040421261,0.6428571428571428,0.9260962943587624,2,next_2_weeks
y_next_battle_any,model2_plus_lagged_acled,catboost,test,0.25,0.9424460431654677,0.7555555555555555,0.8717948717948718,0.8095238095238095,0.9145410141417892,0.980563601902514,0.1402877697841726,0.1618705035971223,1668,234,1.0,0.52177976482644,0.6488095238095237,0.9344296276920956,2,next_2_weeks
y_next_battle_any,model2_plus_lagged_acled,gru,test,0.85,0.9418465227817746,0.8099547511312217,0.7649572649572649,0.7868131868131868,0.8932149711577657,0.974353014101968,0.140287771821022,0.132494004796163,1668,234,0.9833333333333334,0.5129834685301436,0.6339285714285713,0.914055597535457,2,next_2_weeks
y_next_explosions_remote_any,naive_baseline,naive,test,0.5,0.8914868105515588,0.8637640449438202,0.8798283261802575,0.8717221828490432,0.8103237861078258,0.8898625635029256,0.4190647482014388,0.4268585131894484,1668,699,0.8250000000000001,0.1424527271435862,0.8452380952380952,0.408223539816139,2,next_2_weeks
y_next_explosions_remote_any,model1_non_acled_only,linear,test,0.45,0.7332134292565947,0.6768802228412256,0.6952789699570815,0.6859562455892732,0.8020604755687989,0.8242070715794789,0.4190647482014388,0.4304556354916067,1668,699,1.0,0.173001882123016,0.8452380952380952,0.4068417480421904,2,next_2_weeks
y_next_explosions_remote_any,model1_non_acled_only,lightgbm,test,0.65,0.8315347721822542,0.8745519713261649,0.698140200286123,0.7764518695306285,0.8983455018424849,0.9033515371362008,0.4190647482014388,0.3345323741007194,1668,699,1.0,0.173001882123016,0.9940476190476192,0.4812234517626265,2,next_2_weeks
y_next_explosions_remote_any,model1_non_acled_only,catboost,test,0.6,0.8315347721822542,0.9019230769230768,0.670958512160229,0.7694831829368335,0.9029544605651082,0.9098328586761864,0.4190647482014388,0.3117505995203837,1668,699,1.0,0.173001882123016,0.988095238095238,0.4779227981678553,2,next_2_weeks
y_next_explosions_remote_any,model1_non_acled_only,gru,test,0.5,0.8327338129496403,0.8070175438596491,0.7896995708154506,0.7982646420824295,0.900965826108094,0.9095567750479456,0.4190647602081299,0.4100719424460431,1668,699,0.9916666666666668,0.1714867306078644,0.9940476190476192,0.4812234517626265,2,next_2_weeks
y_next_explosions_remote_any,model2_plus_lagged_acled,linear,test,0.45,0.8051558752997602,0.7473544973544973,0.8082975679542204,0.7766323024054983,0.895694016525882,0.9001891246672601,0.4190647482014388,0.4532374100719424,1668,699,1.0,0.173001882123016,0.9940476190476192,0.4811953934012349,2,next_2_weeks
y_next_explosions_remote_any,model2_plus_lagged_acled,lightgbm,test,0.7,0.8321342925659473,0.8774774774774775,0.6967095851216023,0.7767145135566188,0.9040418204347253,0.9073554879372124,0.4190647482014388,0.3327338129496403,1668,699,1.0,0.173001882123016,0.9970238095238094,0.482738603277778,2,next_2_weeks
y_next_explosions_remote_any,model2_plus_lagged_acled,catboost,test,0.5,0.842326139088729,0.8504823151125402,0.7567954220314735,0.8009084027252081,0.9075249345643398,0.9124490094208002,0.4190647482014388,0.3729016786570743,1668,699,1.0,0.173001882123016,0.9970238095238094,0.482738603277778,2,next_2_weeks
y_next_explosions_remote_any,model2_plus_lagged_acled,gru,test,0.5,0.8237410071942446,0.7848101265822784,0.7982832618025751,0.7914893617021277,0.8995546660920696,0.9052280199784152,0.4190647602081299,0.4262589928057554,1668,699,1.0,0.173001882123016,0.9970238095238096,0.4828901184292931,2,next_2_weeks
y_next_violence_against_civilians_any,naive_baseline,naive,test,0.5,0.9568345323741008,0.7547169811320755,0.7843137254901961,0.7692307692307693,0.6117190598242827,0.8792855756163851,0.0917266187050359,0.0953237410071942,1668,153,0.7583333333333334,0.5971611721611721,0.3749999999999999,0.8187437562437561,2,next_2_weeks
y_next_violence_against_civilians_any,model1_non_acled_only,linear,test,0.9,0.9130695443645084,0.5512820512820513,0.2810457516339869,0.3722943722943723,0.4170737886144096,0.8716710886774951,0.0917266187050359,0.0467625899280575,1668,153,0.525,0.4152236652236651,0.318452380952381,0.7025863025863025,2,next_2_weeks
y_next_violence_against_civilians_any,model1_non_acled_only,lightgbm,test,0.7,0.934052757793765,0.7362637362637363,0.4379084967320261,0.5491803278688525,0.5844002270642501,0.8893461895209129,0.0917266187050359,0.0545563549160671,1668,153,0.65,0.51248334998335,0.3333333333333333,0.7331723831723832,2,next_2_weeks
y_next_violence_against_civilians_any,model1_non_acled_only,catboost,test,0.3,0.9382494004796164,0.7976190476190477,0.4379084967320261,0.5654008438818565,0.646754382734443,0.9015444681723074,0.0917266187050359,0.0503597122302158,1668,153,0.65,0.5136488511488512,0.3660714285714285,0.8068764568764567,2,next_2_weeks
y_next_violence_against_civilians_any,model1_non_acled_only,gru,test,0.85,0.9256594724220624,0.638095238095238,0.4379084967320261,0.5193798449612403,0.5863973384433484,0.8934662093660347,0.091726616024971,0.0629496402877697,1668,153,0.5833333333333334,0.4602591852591853,0.3452380952380953,0.7614441114441113,2,next_2_weeks
y_next_violence_against_civilians_any,model2_plus_lagged_acled,linear,test,0.8,0.9040767386091128,0.481283422459893,0.5882352941176471,0.5294117647058824,0.540131685065694,0.8701050497206583,0.0917266187050359,0.1121103117505995,1668,153,0.5499999999999999,0.4362512487512487,0.3392857142857142,0.7450563325563325,2,next_2_weeks
y_next_violence_against_civilians_any,model2_plus_lagged_acled,lightgbm,test,0.65,0.933453237410072,0.71,0.4640522875816993,0.5612648221343873,0.5589168664983513,0.8758730775038288,0.0917266187050359,0.0599520383693045,1668,153,0.6583333333333332,0.5196775446775447,0.3273809523809524,0.7230533355533356,2,next_2_weeks
y_next_violence_against_civilians_any,model2_plus_lagged_acled,catboost,test,0.3,0.9406474820143884,0.7934782608695652,0.477124183006536,0.5959183673469388,0.6630428380836607,0.9114670290558468,0.0917266187050359,0.0551558752997601,1668,153,0.6749999999999999,0.5331293706293706,0.375,0.8241841491841492,2,next_2_weeks
y_next_violence_against_civilians_any,model2_plus_lagged_acled,gru,test,0.9,0.9418465227817746,0.8181818181818182,0.4705882352941176,0.5975103734439834,0.575533676739026,0.8796393364826678,0.091726616024971,0.052757793764988,1668,153,0.6749999999999999,0.5322483072483073,0.3273809523809524,0.7205142080142081,2,next_2_weeks
y_next_air_drone_any,naive_baseline,naive,test,0.5,0.8968824940047961,0.8634361233480177,0.881559220389805,0.8724035608308606,0.8085321860668246,0.8943260637413561,0.3998800959232614,0.408273381294964,1668,667,0.8500000000000001,0.1530474103913662,0.8601190476190474,0.4356718870603941,2,next_2_weeks
y_next_air_drone_any,model1_non_acled_only,linear,test,0.5,0.7464028776978417,0.7,0.6401799100449775,0.6687548942834769,0.7910448011583904,0.8278827619157454,0.3998800959232614,0.3657074340527578,1668,667,1.0,0.1816049286839774,0.8363095238095238,0.4232645211947431,2,next_2_weeks
y_next_air_drone_any,model1_non_acled_only,lightgbm,test,0.55,0.8351318944844125,0.8356164383561644,0.7316341829085458,0.78017585931255,0.8977051290454927,0.9098502696703596,0.3998800959232614,0.3501199040767386,1668,667,1.0,0.1816049286839774,0.9910714285714284,0.5034368202581568,2,next_2_weeks
y_next_air_drone_any,model1_non_acled_only,catboost,test,0.4,0.8459232613908872,0.851027397260274,0.7451274362818591,0.7945643485211831,0.9019645028915844,0.9171473204456712,0.3998800959232614,0.3501199040767386,1668,667,1.0,0.1816049286839774,0.9940476190476192,0.5050393843607209,2,next_2_weeks
y_next_air_drone_any,model1_non_acled_only,gru,test,0.6,0.8321342925659473,0.7972350230414746,0.7781109445277361,0.787556904400607,0.8977923269075837,0.9081832710018616,0.3998800814151764,0.3902877697841727,1668,667,0.9916666666666668,0.1800023645814134,0.9940476190476192,0.5050393843607209,2,next_2_weeks
y_next_air_drone_any,model2_plus_lagged_acled,linear,test,0.5,0.8201438848920863,0.7640287769784173,0.7961019490254873,0.7797356828193832,0.8961381477244786,0.9048447804069992,0.3998800959232614,0.4166666666666667,1668,667,1.0,0.1816049286839774,0.9970238095238094,0.506641948463285,2,next_2_weeks
y_next_air_drone_any,model2_plus_lagged_acled,lightgbm,test,0.7,0.8363309352517986,0.8621323529411765,0.7031484257871065,0.7745664739884393,0.9058294017605796,0.9166515643277262,0.3998800959232614,0.3261390887290168,1668,667,1.0,0.1816049286839774,0.9970238095238094,0.506641948463285,2,next_2_weeks
y_next_air_drone_any,model2_plus_lagged_acled,catboost,test,0.5,0.8459232613908872,0.847457627118644,0.7496251874062968,0.7955449482895783,0.9100805481655,0.9202626458998272,0.3998800959232614,0.3537170263788969,1668,667,1.0,0.1816049286839774,0.9970238095238094,0.506641948463285,2,next_2_weeks
y_next_air_drone_any,model2_plus_lagged_acled,gru,test,0.35,0.829736211031175,0.7641379310344828,0.8305847076461769,0.7959770114942529,0.9036441987158194,0.9148048353445656,0.3998800814151764,0.434652278177458,1668,667,1.0,0.1816049286839774,0.9970238095238096,0.5070813709366058,2,next_2_weeks
y_next_strategic_developments_any,naive_baseline,naive,test,0.5,0.8926858513189448,0.8527004909983633,0.8540983606557377,0.8533988533988534,0.7816474056407258,0.8845160990424246,0.3657074340527578,0.3663069544364508,1668,610,0.8583333333333334,0.1715082040974898,0.8392857142857143,0.4675683113183113,2,next_2_weeks
y_next_strategic_developments_any,model1_non_acled_only,linear,test,0.45,0.7296163069544365,0.6153846153846154,0.6950819672131148,0.6528098537336413,0.7059516380879236,0.7931513217019431,0.3657074340527578,0.4130695443645084,1668,610,0.8666666666666668,0.1725262006512006,0.7708333333333334,0.4299463268213268,2,next_2_weeks
y_next_strategic_developments_any,model1_non_acled_only,lightgbm,test,0.45,0.7673860911270983,0.6728971962616822,0.7081967213114754,0.6900958466453674,0.7376452602998171,0.8256577520220646,0.3657074340527578,0.3848920863309352,1668,610,0.95,0.1902520759663617,0.7738095238095237,0.4313811849526135,2,next_2_weeks
y_next_strategic_developments_any,model1_non_acled_only,catboost,test,0.45,0.7799760191846523,0.7350096711798839,0.6229508196721312,0.6743566992014197,0.7439448387845159,0.8330905822926028,0.3657074340527578,0.3099520383693045,1668,610,0.9250000000000002,0.1852213428106285,0.7797619047619047,0.4340535621785621,2,next_2_weeks
y_next_strategic_developments_any,model1_non_acled_only,gru,test,0.55,0.7476019184652278,0.6367583212735166,0.7213114754098361,0.676402767102229,0.7230544447970808,0.8070780005578109,0.3657074272632599,0.4142685851318944,1668,610,0.9083333333333335,0.1814820265713123,0.7410714285714285,0.4129457843743558,2,next_2_weeks
y_next_strategic_developments_any,model2_plus_lagged_acled,linear,test,0.5,0.7404076738609112,0.6241234221598878,0.7295081967213115,0.672713529856387,0.7404187709663136,0.8272056772754037,0.3657074340527578,0.4274580335731415,1668,610,0.9166666666666666,0.1840600537029108,0.7678571428571429,0.4298564861064861,2,next_2_weeks
y_next_strategic_developments_any,model2_plus_lagged_acled,lightgbm,test,0.65,0.7823741007194245,0.7282809611829945,0.6459016393442623,0.684622067767159,0.766123185657606,0.8408751433264123,0.3657074340527578,0.3243405275779376,1668,610,0.9416666666666668,0.1886061524454381,0.8333333333333334,0.4666662702376987,2,next_2_weeks
y_next_strategic_developments_any,model2_plus_lagged_acled,catboost,test,0.6,0.7991606714628298,0.7733598409542743,0.6377049180327868,0.6990116801437556,0.7798163581945281,0.8524714121912671,0.3657074340527578,0.3015587529976019,1668,610,0.9666666666666668,0.1935907511800368,0.8452380952380952,0.4719500572179143,2,next_2_weeks
y_next_strategic_developments_any,model2_plus_lagged_acled,gru,test,0.55,0.7793764988009593,0.6753623188405797,0.7639344262295082,0.7169230769230769,0.7826927965536632,0.8495227617837553,0.3657074272632599,0.4136690647482014,1668,610,0.9583333333333334,0.1916968117860975,0.8690476190476192,0.4844992639635496,2,next_2_weeks
y_next_battle_any,naive_baseline,naive,test,0.5,0.9808153477218226,0.9377431906614786,0.9377431906614786,0.9377431906614786,0.888954617771059,0.9632018575561114,0.1540767386091127,0.1540767386091127,1668,257,0.9583333333333334,0.4538220505516463,0.7172619047619047,0.9403000254258834,3,next_3_weeks
y_next_battle_any,model1_non_acled_only,linear,test,0.7,0.8782973621103117,0.6153846153846154,0.5603112840466926,0.5865580448065173,0.5939968833918142,0.8895200853769851,0.1540767386091127,0.1402877697841726,1668,257,0.6249999999999999,0.2915420252615142,0.5892857142857143,0.774302615802425,3,next_3_weeks
y_next_battle_any,model1_non_acled_only,lightgbm,test,0.55,0.934652278177458,0.8032786885245902,0.7626459143968871,0.782435129740519,0.8795370427287599,0.9745054835960918,0.1540767386091127,0.1462829736211031,1668,257,0.9833333333333334,0.4650173367469325,0.6785714285714285,0.890434462950672,3,next_3_weeks
y_next_battle_any,model1_non_acled_only,catboost,test,0.25,0.9406474820143884,0.7969924812030075,0.8249027237354085,0.8107074569789675,0.8943876134943994,0.9781814371240972,0.1540767386091127,0.1594724220623501,1668,257,0.9666666666666668,0.4557580774876733,0.7053571428571429,0.9267134174552176,3,next_3_weeks
y_next_battle_any,model1_non_acled_only,gru,test,0.8,0.9214628297362112,0.6932515337423313,0.8793774319066148,0.7753001715265866,0.8707556300484134,0.974334509013394,0.1540767401456833,0.1954436450839328,1668,257,0.9416666666666668,0.4444960001929872,0.6875,0.9006789293354892,3,next_3_weeks
y_next_battle_any,model2_plus_lagged_acled,linear,test,0.65,0.919664268585132,0.6869300911854104,0.8793774319066148,0.7713310580204779,0.896583606541931,0.9713396961616204,0.1540767386091127,0.1972422062350119,1668,257,0.9833333333333334,0.4659310794369909,0.6726190476190476,0.8817873189965105,3,next_3_weeks
y_next_battle_any,model2_plus_lagged_acled,lightgbm,test,0.25,0.9244604316546764,0.6876790830945558,0.933852140077821,0.7920792079207921,0.9256199668856516,0.9825964420740873,0.1540767386091127,0.2092326139088729,1668,257,1.0,0.4735699683258798,0.7023809523809524,0.922244818421401,3,next_3_weeks
y_next_battle_any,model2_plus_lagged_acled,catboost,test,0.45,0.9538369304556354,0.86,0.8365758754863813,0.8481262327416174,0.9177598481072096,0.9811679770121916,0.1540767386091127,0.1498800959232614,1668,257,0.9916666666666668,0.4700977461036575,0.7053571428571428,0.9252066311658226,3,next_3_weeks
y_next_battle_any,model2_plus_lagged_acled,gru,test,0.8,0.9286570743405276,0.7169811320754716,0.8871595330739299,0.7930434782608695,0.8994622704741364,0.9749439506710752,0.1540767401456833,0.1906474820143885,1668,257,0.9833333333333334,0.4654350476909591,0.6845238095238094,0.897873125299708,3,next_3_weeks
y_next_explosions_remote_any,naive_baseline,naive,test,0.5,0.9100719424460432,0.9017412935323385,0.9108040201005024,0.90625,0.8638755424820872,0.9101038449126364,0.4772182254196642,0.4820143884892086,1668,796,0.8750000000000001,0.1324861205719001,0.8928571428571428,0.3787365068093724,3,next_3_weeks
y_next_explosions_remote_any,model1_non_acled_only,linear,test,0.45,0.736810551558753,0.7370517928286853,0.6972361809045227,0.7165913492575855,0.8261586345301812,0.8247948457885759,0.4772182254196642,0.4514388489208633,1668,796,0.9916666666666668,0.1500557325902725,0.8779761904761904,0.3712025651989386,3,next_3_weeks
y_next_explosions_remote_any,model1_non_acled_only,lightgbm,test,0.5,0.8231414868105515,0.8493723849372385,0.7650753768844221,0.8050231328486451,0.9096072244511346,0.8974992508413628,0.4772182254196642,0.4298561151079136,1668,796,1.0,0.1514446214791614,0.9940476190476192,0.4213539679194296,3,next_3_weeks
y_next_explosions_remote_any,model1_non_acled_only,catboost,test,0.45,0.8279376498800959,0.8661870503597122,0.7562814070351759,0.8075117370892019,0.9143737286328726,0.9052256696325665,0.4772182254196642,0.4166666666666667,1668,796,1.0,0.1514446214791614,0.9940476190476192,0.4213539679194296,3,next_3_weeks
y_next_explosions_remote_any,model1_non_acled_only,gru,test,0.5,0.8123501199040767,0.8060836501901141,0.7989949748743719,0.8025236593059937,0.9054745013220338,0.9005664791849155,0.4772182106971741,0.4730215827338129,1668,796,0.9833333333333334,0.1487536492569391,0.9940476190476192,0.4213539679194296,3,next_3_weeks
y_next_explosions_remote_any,model2_plus_lagged_acled,linear,test,0.55,0.8507194244604317,0.857516339869281,0.8241206030150754,0.840486867392697,0.9267562672771184,0.919420785118252,0.4772182254196642,0.4586330935251798,1668,796,1.0,0.1514446214791614,0.9970238095238094,0.422656051252763,3,next_3_weeks
y_next_explosions_remote_any,model2_plus_lagged_acled,lightgbm,test,0.8,0.8699040767386091,0.9617224880382776,0.757537688442211,0.8475052705551651,0.949815465029926,0.9390343345166198,0.4772182254196642,0.3758992805755395,1668,796,1.0,0.1514446214791614,1.0,0.4240449401416519,3,next_3_weeks
y_next_explosions_remote_any,model2_plus_lagged_acled,catboost,test,0.55,0.86810551558753,0.916184971098266,0.7964824120603015,0.8521505376344086,0.9507867099227784,0.940900027661242,0.4772182254196642,0.4148681055155875,1668,796,1.0,0.1514446214791614,1.0,0.4240449401416519,3,next_3_weeks
y_next_explosions_remote_any,model2_plus_lagged_acled,gru,test,0.55,0.8465227817745803,0.86,0.8103015075376885,0.8344113842173351,0.923562635798076,0.9199912982342908,0.4772182106971741,0.4496402877697841,1668,796,1.0,0.1514446214791614,0.9940476190476192,0.4213539679194296,3,next_3_weeks
y_next_violence_against_civilians_any,naive_baseline,naive,test,0.5,0.9658273381294964,0.8461538461538461,0.859375,0.8527131782945736,0.7433505118981738,0.919524898373984,0.1151079136690647,0.1169064748201438,1668,192,0.8666666666666666,0.5420138888888889,0.5059523809523809,0.8849906629318395,3,next_3_weeks
y_next_violence_against_civilians_any,model1_non_acled_only,linear,test,0.75,0.8830935251798561,0.4932126696832579,0.5677083333333334,0.5278450363196125,0.4674409650568917,0.8660053918247516,0.1151079136690647,0.132494004796163,1668,192,0.5833333333333334,0.364860527544351,0.3779761904761904,0.6628909897292249,3,next_3_weeks
y_next_violence_against_civilians_any,model1_non_acled_only,lightgbm,test,0.75,0.9160671462829736,0.7280701754385965,0.4322916666666667,0.5424836601307189,0.6336744463538039,0.8822020381662149,0.1151079136690647,0.0683453237410072,1668,192,0.7083333333333334,0.4440738795518207,0.4077380952380953,0.7171072595704948,3,next_3_weeks
y_next_violence_against_civilians_any,model1_non_acled_only,catboost,test,0.45,0.9310551558752996,0.9052631578947368,0.4479166666666667,0.5993031358885017,0.6536076014705341,0.8867487437895212,0.1151079136690647,0.0569544364508393,1668,192,0.7416666666666667,0.4645512371615312,0.4255952380952381,0.7466940943043884,3,next_3_weeks
y_next_violence_against_civilians_any,model1_non_acled_only,gru,test,0.65,0.8800959232613909,0.483739837398374,0.6197916666666666,0.54337899543379,0.6418654850465155,0.8980034722222222,0.1151079162955284,0.1474820143884892,1668,192,0.7166666666666667,0.4499358076563959,0.4077380952380953,0.7140056022408965,3,next_3_weeks
y_next_violence_against_civilians_any,model2_plus_lagged_acled,linear,test,0.75,0.894484412470024,0.5341880341880342,0.6510416666666666,0.5868544600938967,0.6270130148342693,0.8770466350496837,0.1151079136690647,0.1402877697841726,1668,192,0.7083333333333334,0.4439425770308123,0.4017857142857142,0.7040353641456583,3,next_3_weeks
y_next_violence_against_civilians_any,model2_plus_lagged_acled,lightgbm,test,0.65,0.9304556354916068,0.7794117647058824,0.5520833333333334,0.6463414634146342,0.7171160775663838,0.902294348464318,0.1151079136690647,0.0815347721822542,1668,192,0.8333333333333335,0.5217086834733894,0.4345238095238095,0.763451213818861,3,next_3_weeks
y_next_violence_against_civilians_any,model2_plus_lagged_acled,catboost,test,0.3,0.9292565947242206,0.7402597402597403,0.59375,0.6589595375722543,0.7674848774583986,0.931294814250226,0.1151079136690647,0.092326139088729,1668,192,0.8583333333333334,0.5384249533146591,0.4851190476190476,0.8511554621848739,3,next_3_weeks
y_next_violence_against_civilians_any,model2_plus_lagged_acled,gru,test,0.75,0.9046762589928058,0.5804878048780487,0.6197916666666666,0.5994962216624685,0.6843449796564479,0.8940019478319783,0.1151079162955284,0.1229016786570743,1668,192,0.7916666666666666,0.4962797619047619,0.4255952380952381,0.7453373015873016,3,next_3_weeks
y_next_air_drone_any,naive_baseline,naive,test,0.5,0.9148681055155876,0.9012987012987012,0.913157894736842,0.90718954248366,0.8625963699307129,0.9147287271041038,0.4556354916067146,0.4616306954436451,1668,760,0.9166666666666669,0.1452811021146696,0.8958333333333331,0.3987060006267189,3,next_3_weeks
y_next_air_drone_any,model1_non_acled_only,linear,test,0.45,0.736810551558753,0.7109067017082786,0.7118421052631579,0.7113740959894806,0.815963094025984,0.8269707859958267,0.4556354916067146,0.4562350119904076,1668,760,0.9916666666666668,0.1573081793230002,0.8839285714285715,0.3914889883373487,3,next_3_weeks
y_next_air_drone_any,model1_non_acled_only,lightgbm,test,0.45,0.8189448441247003,0.8102981029810298,0.7868421052631579,0.7983978638184246,0.9049567369210048,0.9027677950382564,0.4556354916067146,0.4424460431654676,1668,760,1.0,0.1588513891995434,0.9910714285714284,0.440787325764806,3,next_3_weeks
y_next_air_drone_any,model1_non_acled_only,catboost,test,0.35,0.8273381294964028,0.8155080213903744,0.8026315789473685,0.8090185676392573,0.9115694990369684,0.9126086830512404,0.4556354916067146,0.448441247002398,1668,760,1.0,0.1588513891995434,0.9851190476190474,0.4378756776360932,3,next_3_weeks
y_next_air_drone_any,model1_non_acled_only,gru,test,0.5,0.8315347721822542,0.8349650349650349,0.7855263157894737,0.8094915254237288,0.9124125275567766,0.9081889056341296,0.4556354880332947,0.4286570743405276,1668,760,1.0,0.1588513891995434,0.9970238095238094,0.4432406798821784,3,next_3_weeks
y_next_air_drone_any,model2_plus_lagged_acled,linear,test,0.5,0.855515587529976,0.8492597577388964,0.8302631578947368,0.8396540252827678,0.9277829447388588,0.923955193600742,0.4556354916067146,0.4454436450839328,1668,760,1.0,0.1588513891995434,1.0,0.4447838897587217,3,next_3_weeks
y_next_air_drone_any,model2_plus_lagged_acled,lightgbm,test,0.55,0.88189448441247,0.9121522693997072,0.8197368421052632,0.8634788634788635,0.9511083605580202,0.9440311268258752,0.4556354916067146,0.4094724220623501,1668,760,1.0,0.1588513891995434,1.0,0.4447838897587217,3,next_3_weeks
y_next_air_drone_any,model2_plus_lagged_acled,catboost,test,0.65,0.8830935251798561,0.9534510433386838,0.781578947368421,0.8590021691973969,0.95303410350667,0.9480379086482726,0.4556354916067146,0.3735011990407674,1668,760,1.0,0.1588513891995434,1.0,0.4447838897587217,3,next_3_weeks
y_next_air_drone_any,model2_plus_lagged_acled,gru,test,0.55,0.85431654676259,0.8179581795817958,0.875,0.845518118245391,0.9273678675414324,0.9298371203338744,0.4556354880332947,0.487410071942446,1668,760,1.0,0.1588513891995434,1.0,0.4447838897587217,3,next_3_weeks
y_next_strategic_developments_any,naive_baseline,naive,test,0.5,0.9154676258992804,0.9010043041606888,0.8971428571428571,0.8990694345025053,0.8514950433586314,0.91293093270366,0.4196642685851319,0.4178657074340527,1668,700,0.9166666666666669,0.158222633185695,0.8988095238095241,0.4341297967440172,3,next_3_weeks
y_next_strategic_developments_any,model1_non_acled_only,linear,test,0.45,0.7284172661870504,0.6653279785809906,0.71,0.6869384934346925,0.7553250385929587,0.7981670602125149,0.4196642685851319,0.447841726618705,1668,700,0.9666666666666668,0.1675605562027458,0.8303571428571428,0.4011554986357256,3,next_3_weeks
y_next_strategic_developments_any,model1_non_acled_only,lightgbm,test,0.5,0.75,0.7134238310708899,0.6757142857142857,0.6940572267057961,0.7789523121541742,0.8196089138134592,0.4196642685851319,0.3974820143884892,1668,700,0.9333333333333336,0.1620742989168659,0.8392857142857144,0.4064302647946032,3,next_3_weeks
y_next_strategic_developments_any,model1_non_acled_only,catboost,test,0.45,0.7565947242206235,0.7311320754716981,0.6642857142857143,0.6961077844311377,0.7860698447516584,0.8255401416765052,0.4196642685851319,0.381294964028777,1668,700,0.95,0.1650770625223081,0.8482142857142857,0.410924807454441,3,next_3_weeks
y_next_strategic_developments_any,model1_non_acled_only,gru,test,0.5,0.7194244604316546,0.6442786069651741,0.74,0.6888297872340425,0.7514800233875351,0.8077715466351829,0.4196642637252807,0.4820143884892086,1668,700,0.9083333333333335,0.1574446692872363,0.8214285714285713,0.3972640132262608,3,next_3_weeks
y_next_strategic_developments_any,model2_plus_lagged_acled,linear,test,0.45,0.7685851318944844,0.6933497536945813,0.8042857142857143,0.7447089947089947,0.8109333398053529,0.853285123966942,0.4196642685851319,0.486810551558753,1668,700,0.9583333333333336,0.1665810535145737,0.8571428571428572,0.4152727995085346,3,next_3_weeks
y_next_strategic_developments_any,model2_plus_lagged_acled,lightgbm,test,0.45,0.8003597122302158,0.7417654808959157,0.8042857142857143,0.7717614804660726,0.8549954788402064,0.8858116883116882,0.4196642685851319,0.4550359712230216,1668,700,0.975,0.1692272228694124,0.9434523809523808,0.4577033824277548,3,next_3_weeks
y_next_strategic_developments_any,model2_plus_lagged_acled,catboost,test,0.6,0.8111510791366906,0.7966101694915254,0.7385714285714285,0.7664936990363233,0.861270106935239,0.8858175914994096,0.4196642685851319,0.3890887290167866,1668,700,0.975,0.1692272228694124,0.9464285714285712,0.4596307752595105,3,next_3_weeks
y_next_strategic_developments_any,model2_plus_lagged_acled,gru,test,0.75,0.7919664268585132,0.750354609929078,0.7557142857142857,0.7530249110320285,0.8283891901068283,0.8658751475796931,0.4196642637252807,0.4226618705035971,1668,700,0.9333333333333336,0.1620742989168659,0.9196428571428572,0.445867388313836,3,next_3_weeks
y_next_battle_any,naive_baseline,naive,test,0.5,0.9820143884892086,0.9418181818181818,0.9487179487179488,0.9452554744525548,0.9019130988915162,0.9686242073338848,0.1636690647482014,0.1648681055155875,1668,273,0.9666666666666668,0.4293345811461753,0.7708333333333334,0.9495952014973756,4,next_4_weeks_month
y_next_battle_any,model1_non_acled_only,linear,test,0.65,0.8729016786570744,0.6093189964157706,0.6227106227106227,0.6159420289855072,0.618765116269462,0.8881457849199785,0.1636690647482014,0.1672661870503597,1668,273,0.6416666666666666,0.2813131748820154,0.6190476190476191,0.7634625673574948,4,next_4_weeks_month
y_next_battle_any,model1_non_acled_only,lightgbm,test,0.55,0.9256594724220624,0.7728937728937729,0.7728937728937729,0.7728937728937729,0.8762030339761498,0.9731747344650572,0.1636690647482014,0.1636690647482014,1668,273,0.9666666666666668,0.4286875832165688,0.7083333333333334,0.8750819966399677,4,next_4_weeks_month
y_next_battle_any,model1_non_acled_only,catboost,test,0.25,0.9436450839328536,0.8075601374570447,0.8608058608058609,0.8333333333333334,0.9028135045303248,0.9789567660535404,0.1636690647482014,0.1744604316546762,1668,273,0.9250000000000002,0.4088276223239991,0.7410714285714285,0.9162609096485907,4,next_4_weeks_month
y_next_battle_any,model1_non_acled_only,gru,test,0.8,0.9118705035971224,0.6649214659685864,0.9304029304029304,0.7755725190839695,0.8545072981961095,0.9708010030590676,0.1636690646409988,0.2290167865707434,1668,273,0.8833333333333333,0.3885053520017287,0.7053571428571428,0.8657428756160641,4,next_4_weeks_month
y_next_battle_any,model2_plus_lagged_acled,linear,test,0.55,0.9040767386091128,0.6401985111662531,0.945054945054945,0.7633136094674556,0.8988020236397495,0.9691021045859756,0.1636690647482014,0.2416067146282973,1668,273,1.0,0.4450753218869161,0.7023809523809522,0.8626607691825082,4,next_4_weeks_month
y_next_battle_any,model2_plus_lagged_acled,lightgbm,test,0.35,0.9316546762589928,0.7252124645892352,0.9377289377289376,0.8178913738019169,0.9239600259811004,0.982483227644518,0.1636690647482014,0.211630695443645,1668,273,0.975,0.434192032471018,0.744047619047619,0.9164489529525762,4,next_4_weeks_month
y_next_battle_any,model2_plus_lagged_acled,catboost,test,0.15,0.9214628297362112,0.6898395721925134,0.945054945054945,0.7975270479134466,0.9263874570457766,0.983664841729358,0.1636690647482014,0.224220623501199,1668,273,0.9916666666666668,0.441452133481119,0.7470238095238094,0.9210785825822058,4,next_4_weeks_month
y_next_battle_any,model2_plus_lagged_acled,gru,test,0.75,0.9136690647482014,0.672,0.9230769230769232,0.7777777777777778,0.9047388235137565,0.9747160843935038,0.1636690646409988,0.224820143884892,1668,273,0.9916666666666668,0.4411070679186621,0.7172619047619048,0.8842436615987341,4,next_4_weeks_month
y_next_explosions_remote_any,naive_baseline,naive,test,0.5,0.9304556354916068,0.9327251995438997,0.9348571428571428,0.9337899543378996,0.906137476986972,0.9302280670149524,0.5245803357314148,0.5257793764988009,1668,875,0.9083333333333332,0.1246827125879643,0.9077380952380952,0.34898860672536,4,next_4_weeks_month
y_next_explosions_remote_any,model1_non_acled_only,linear,test,0.4,0.7422062350119905,0.7437020810514786,0.776,0.7595078299776287,0.8528602451828372,0.8331270041433976,0.5245803357314148,0.5473621103117506,1668,875,0.9916666666666668,0.1362497423944307,0.8988095238095238,0.3452495445705164,4,next_4_weeks_month
y_next_explosions_remote_any,model1_non_acled_only,lightgbm,test,0.55,0.8207434052757794,0.8988919667590027,0.7417142857142857,0.812773951158422,0.9230424261453666,0.899702395964691,0.5245803357314148,0.4328537170263788,1668,875,1.0,0.1373758685205569,0.9940476190476192,0.3822364654710048,4,next_4_weeks_month
y_next_explosions_remote_any,model1_non_acled_only,catboost,test,0.45,0.8261390887290168,0.8874172185430463,0.7657142857142857,0.8220858895705522,0.9291813307520632,0.9098756980724192,0.5245803357314148,0.4526378896882494,1668,875,1.0,0.1373758685205569,0.9970238095238094,0.383426941661481,4,next_4_weeks_month
y_next_explosions_remote_any,model1_non_acled_only,gru,test,0.45,0.8195443645083933,0.8424821002386634,0.8068571428571428,0.8242848803269118,0.9195525659794772,0.899048099441542,0.5245803594589233,0.5023980815347722,1668,875,1.0,0.1373758685205569,1.0,0.3846524318575595,4,next_4_weeks_month
y_next_explosions_remote_any,model2_plus_lagged_acled,linear,test,0.5,0.8501199040767387,0.874251497005988,0.8342857142857143,0.8538011695906432,0.935013820504046,0.9217005944874798,0.5245803357314148,0.500599520383693,1668,875,1.0,0.1373758685205569,0.9970238095238096,0.3835263057314333,4,next_4_weeks_month
y_next_explosions_remote_any,model2_plus_lagged_acled,lightgbm,test,0.65,0.8705035971223022,0.9375830013280212,0.8068571428571428,0.8673218673218673,0.960570099560924,0.9461300666546568,0.5245803357314148,0.4514388489208633,1668,875,1.0,0.1373758685205569,1.0,0.3846524318575595,4,next_4_weeks_month
y_next_explosions_remote_any,model2_plus_lagged_acled,catboost,test,0.55,0.86810551558753,0.9119496855345912,0.8285714285714286,0.8682634730538922,0.9605985121512738,0.947412718429112,0.5245803357314148,0.4766187050359712,1668,875,1.0,0.1373758685205569,1.0,0.3846524318575595,4,next_4_weeks_month
y_next_explosions_remote_any,model2_plus_lagged_acled,gru,test,0.5,0.8657074340527577,0.862876254180602,0.8845714285714286,0.873589164785553,0.939163765884875,0.9296162853539904,0.5245803594589233,0.5377697841726619,1668,875,1.0,0.1373758685205569,1.0,0.3846524318575595,4,next_4_weeks_month
y_next_violence_against_civilians_any,naive_baseline,naive,test,0.5,0.9742206235011992,0.8977777777777778,0.90990990990991,0.9038031319910514,0.8288873045707579,0.9470019812343464,0.1330935251798561,0.1348920863309352,1668,222,0.9583333333333334,0.5194731108817796,0.6101190476190476,0.9262183235867448,4,next_4_weeks_month
y_next_violence_against_civilians_any,model1_non_acled_only,linear,test,0.7,0.8651079136690647,0.4944237918215613,0.5990990990990991,0.5417515274949084,0.4883502455297698,0.8600301546359638,0.1330935251798561,0.1612709832134292,1668,222,0.6499999999999999,0.3516554867561059,0.4255952380952381,0.6446694759775256,4,next_4_weeks_month
y_next_violence_against_civilians_any,model1_non_acled_only,lightgbm,test,0.6,0.8932853717026379,0.6195652173913043,0.5135135135135135,0.5615763546798029,0.6583972799106469,0.8753597996336586,0.1330935251798561,0.1103117505995203,1668,222,0.8166666666666668,0.44302258915262,0.4523809523809525,0.6871244696709092,4,next_4_weeks_month
y_next_violence_against_civilians_any,model1_non_acled_only,catboost,test,0.2,0.8938848920863309,0.6018099547511312,0.5990990990990991,0.600451467268623,0.7023919348877978,0.8998043686840367,0.1330935251798561,0.132494004796163,1668,222,0.7916666666666669,0.4291337002637312,0.5,0.7577184382524941,4,next_4_weeks_month
y_next_violence_against_civilians_any,model1_non_acled_only,gru,test,0.7,0.8519184652278178,0.4590163934426229,0.6306306306306306,0.5313092979127134,0.5971687369300788,0.8726651963166487,0.1330935209989547,0.1828537170263789,1668,222,0.6583333333333333,0.3579707029010435,0.4404761904761904,0.6684468524251805,4,next_4_weeks_month
y_next_violence_against_civilians_any,model2_plus_lagged_acled,linear,test,0.75,0.8806954436450839,0.5424354243542435,0.6621621621621622,0.5963488843813387,0.6322059994699938,0.8690952363151533,0.1330935251798561,0.1624700239808153,1668,222,0.7416666666666667,0.4012211902304781,0.4523809523809523,0.6853571838091962,4,next_4_weeks_month
y_next_violence_against_civilians_any,model2_plus_lagged_acled,lightgbm,test,0.4,0.8980815347721822,0.6171171171171171,0.6171171171171171,0.6171171171171171,0.7377027980319076,0.9062807620898908,0.1330935251798561,0.1330935251798561,1668,222,0.8833333333333334,0.4784313725490196,0.4910714285714285,0.743094255245958,4,next_4_weeks_month
y_next_violence_against_civilians_any,model2_plus_lagged_acled,catboost,test,0.3,0.9124700239808152,0.7021276595744681,0.5945945945945946,0.6439024390243903,0.7907312600268186,0.9373356759248874,0.1330935251798561,0.1127098321342925,1668,222,0.9166666666666666,0.4967592592592592,0.5714285714285713,0.864915147345488,4,next_4_weeks_month
y_next_violence_against_civilians_any,model2_plus_lagged_acled,gru,test,0.6,0.9142685851318944,0.6771300448430493,0.6801801801801802,0.6786516853932584,0.7630482002792967,0.9125515557050828,0.1330935209989547,0.1336930455635491,1668,222,0.8999999999999999,0.488478958834996,0.5059523809523809,0.7667626992317396,4,next_4_weeks_month
y_next_air_drone_any,naive_baseline,naive,test,0.5,0.9298561151079136,0.9274673008323424,0.9330143540669856,0.9302325581395348,0.8989134460911492,0.9298485231873388,0.5011990407673861,0.5041966426858513,1668,836,0.9333333333333332,0.134501772765487,0.9077380952380952,0.3657825596150267,4,next_4_weeks_month
y_next_air_drone_any,model1_non_acled_only,linear,test,0.4,0.7386091127098321,0.7123142250530785,0.8026315789473685,0.7547806524184477,0.8419174667201332,0.8321750207029812,0.5011990407673861,0.564748201438849,1668,836,1.0,0.1440160323993065,0.9107142857142856,0.3660618303321385,4,next_4_weeks_month
y_next_air_drone_any,model1_non_acled_only,lightgbm,test,0.45,0.815947242206235,0.8457516339869281,0.7739234449760766,0.8082448469706434,0.9140101595643652,0.8998292004048584,0.5011990407673861,0.4586330935251798,1668,836,1.0,0.1440160323993065,0.9910714285714284,0.3994132425074981,4,next_4_weeks_month
y_next_air_drone_any,model1_non_acled_only,catboost,test,0.4,0.8315347721822542,0.8608582574772432,0.7918660287081339,0.8249221183800624,0.9228532805503016,0.9138540324806772,0.5011990407673861,0.461031175059952,1668,836,1.0,0.1440160323993065,0.9851190476190476,0.3968436662899143,4,next_4_weeks_month
y_next_air_drone_any,model1_non_acled_only,gru,test,0.6,0.8315347721822542,0.84472049689441,0.8133971291866029,0.8287629494210847,0.9153524325521628,0.9055606194792052,0.5011990666389465,0.4826139088729017,1668,836,0.975,0.1401843841887464,0.9910714285714284,0.3994132425074981,4,next_4_weeks_month
y_next_air_drone_any,model2_plus_lagged_acled,linear,test,0.45,0.8507194244604317,0.8574908647990256,0.8421052631578947,0.8497284248642124,0.9339134677681276,0.9240373113728376,0.5011990407673861,0.4922062350119904,1668,836,1.0,0.1440160323993065,0.9970238095238094,0.4020011096235309,4,next_4_weeks_month
y_next_air_drone_any,model2_plus_lagged_acled,lightgbm,test,0.55,0.8800959232613909,0.9045801526717556,0.8504784688995215,0.8766954377311961,0.9598444367865387,0.9500166774015458,0.5011990407673861,0.4712230215827338,1668,836,1.0,0.1440160323993065,1.0,0.4032448907180583,4,next_4_weeks_month
y_next_air_drone_any,model2_plus_lagged_acled,catboost,test,0.5,0.8741007194244604,0.9033505154639176,0.8385167464114832,0.869727047146402,0.961851348929248,0.9537863452337136,0.5011990407673861,0.4652278177458033,1668,836,1.0,0.1440160323993065,1.0,0.4032448907180583,4,next_4_weeks_month
y_next_air_drone_any,model2_plus_lagged_acled,gru,test,0.65,0.8723021582733813,0.8643274853801169,0.8839712918660287,0.8740390301596689,0.9395046839142824,0.935011329131395,0.5011990666389465,0.512589928057554,1668,836,1.0,0.1440160323993065,0.9910714285714284,0.3994132425074981,4,next_4_weeks_month
y_next_strategic_developments_any,naive_baseline,naive,test,0.5,0.9286570743405276,0.9276315789473684,0.9167750325097528,0.92217135382603,0.8887987755029021,0.927797972317168,0.461031175059952,0.4556354916067146,1668,769,0.9333333333333336,0.1458505670156169,0.925595238095238,0.4057119529025016,4,next_4_weeks_month
y_next_strategic_developments_any,model1_non_acled_only,linear,test,0.45,0.7212230215827338,0.6984334203655352,0.6957087126137841,0.6970684039087948,0.7847368053602272,0.80064831462787,0.461031175059952,0.4592326139088729,1668,769,0.975,0.1530063445770087,0.8660714285714287,0.379678017571137,4,next_4_weeks_month
y_next_strategic_developments_any,model1_non_acled_only,lightgbm,test,0.6,0.7529976019184652,0.7802197802197802,0.64629388816645,0.7069701280227596,0.7962060387365548,0.8179497230704249,0.461031175059952,0.38189448441247,1668,769,0.9333333333333336,0.1469127622858176,0.8690476190476192,0.382573520061025,4,next_4_weeks_month
y_next_strategic_developments_any,model1_non_acled_only,catboost,test,0.55,0.7547961630695443,0.7884615384615384,0.6397919375812744,0.706389088298636,0.8084879314106888,0.823086191708458,0.461031175059952,0.3741007194244604,1668,769,0.9500000000000002,0.1495156678548248,0.8630952380952381,0.3798334418865726,4,next_4_weeks_month
y_next_strategic_developments_any,model1_non_acled_only,gru,test,0.7,0.7140287769784173,0.667816091954023,0.7555266579973993,0.7089688834655278,0.7865625882734257,0.8066519510914454,0.4610311686992645,0.5215827338129496,1668,769,0.9583333333333336,0.1505374957612973,0.8303571428571429,0.3654374369514095,4,next_4_weeks_month
y_next_strategic_developments_any,model2_plus_lagged_acled,linear,test,0.45,0.7679856115107914,0.7273809523809524,0.7945383615084526,0.7594779366065879,0.8305838710902855,0.8539064500217697,0.461031175059952,0.5035971223021583,1668,769,0.9666666666666668,0.1517538128639717,0.9077380952380952,0.3994768266473485,4,next_4_weeks_month
y_next_strategic_developments_any,model2_plus_lagged_acled,lightgbm,test,0.6,0.7967625899280576,0.7814136125654451,0.776332899869961,0.7788649706457925,0.8566293600884146,0.8794210009387688,0.461031175059952,0.4580335731414868,1668,769,0.9500000000000002,0.1495156678548248,0.9434523809523808,0.4153796044782535,4,next_4_weeks_month
y_next_strategic_developments_any,model2_plus_lagged_acled,catboost,test,0.4,0.7937649880095923,0.7544910179640718,0.8192457737321196,0.7855361596009975,0.8741357543732332,0.8854861130196678,0.461031175059952,0.500599520383693,1668,769,0.975,0.1533881954305577,0.9642857142857144,0.4244283132805002,4,next_4_weeks_month
y_next_strategic_developments_any,model2_plus_lagged_acled,gru,test,0.75,0.8009592326139089,0.7871222076215506,0.7789336801040312,0.7830065359477124,0.8583447752811539,0.8777474176624511,0.4610311686992645,0.4562350119904076,1668,769,0.975,0.1533160453584076,0.931547619047619,0.409632003608905,4,next_4_weeks_month
