raion_id,raion_name,oblast_name,unosat_feature_count_pre2024,unosat_damage_point_count_pre2024,unosat_damage_polygon_count_pre2024,unosat_damage_area_km2_pre2024,unosat_flood_feature_count_pre2024,unosat_flood_area_km2_pre2024,unosat_affected_road_count_pre2024,unosat_affected_urban_area_km2_pre2024,unosat_feature_count_2022,unosat_feature_count_2023,unosat_unique_source_layers
UA0102,Bakhchysaraiskyi,Autonomous Republic of Crimea,0.0,0.0,0.0,0.0,0.0,0.0,0.0,0.0,0.0,0.0,0.0
UA0104,Bilohirskyi,Autonomous Republic of Crimea,0.0,0.0,0.0,0.0,0.0,0.0,0.0,0.0,0.0,0.0,0.0
UA0106,Dzhankoiskyi,Autonomous Republic of Crimea,1.0,0.0,0.0,0.0,1.0,2.353354056020265,0.0,0.0,0.0,1.0,1.0
UA0108,Yevpatoriiskyi,Autonomous Republic of Crimea,1.0,0.0,0.0,0.0,1.0,0.2615827568823383,0.0,0.0,0.0,1.0,1.0
UA0110,Kerchenskyi,Autonomous Republic of Crimea,0.0,0.0,0.0,0.0,0.0,0.0,0.0,0.0,0.0,0.0,0.0
UA0112,Kurmanskyi,Autonomous Republic of Crimea,0.0,0.0,0.0,0.0,0.0,0.0,0.0,0.0,0.0,0.0,0.0
UA0114,Perekopskyi,Autonomous Republic of Crimea,2.0,0.0,0.0,0.0,2.0,12.234997782851844,0.0,0.0,0.0,2.0,2.0
UA0116,Simferopolskyi,Autonomous Republic of Crimea,0.0,0.0,0.0,0.0,0.0,0.0,0.0,0.0,0.0,0.0,0.0
UA0118,Feodosiiskyi,Autonomous Republic of Crimea,0.0,0.0,0.0,0.0,0.0,0.0,0.0,0.0,0.0,0.0,0.0
UA0120,Yaltynskyi,Autonomous Republic of Crimea,0.0,0.0,0.0,0.0,0.0,0.0,0.0,0.0,0.0,0.0,0.0
UA0502,Vinnytskyi,Vinnytska,0.0,0.0,0.0,0.0,0.0,0.0,0.0,0.0,0.0,0.0,0.0
UA0504,Haisynskyi,Vinnytska,0.0,0.0,0.0,0.0,0.0,0.0,0.0,0.0,0.0,0.0,0.0
UA0506,Zhmerynskyi,Vinnytska,0.0,0.0,0.0,0.0,0.0,0.0,0.0,0.0,0.0,0.0,0.0
UA0508,Mohyliv-Podilskyi,Vinnytska,0.0,0.0,0.0,0.0,0.0,0.0,0.0,0.0,0.0,0.0,0.0
UA0510,Tulchynskyi,Vinnytska,0.0,0.0,0.0,0.0,0.0,0.0,0.0,0.0,0.0,0.0,0.0
UA0512,Khmilnytskyi,Vinnytska,0.0,0.0,0.0,0.0,0.0,0.0,0.0,0.0,0.0,0.0,0.0
UA0702,Volodymyrskyi,Volynska,0.0,0.0,0.0,0.0,0.0,0.0,0.0,0.0,0.0,0.0,0.0
UA0704,Kamin-Kashyrskyi,Volynska,0.0,0.0,0.0,0.0,0.0,0.0,0.0,0.0,0.0,0.0,0.0
UA0706,Kovelskyi,Volynska,0.0,0.0,0.0,0.0,0.0,0.0,0.0,0.0,0.0,0.0,0.0
UA0708,Lutskyi,Volynska,0.0,0.0,0.0,0.0,0.0,0.0,0.0,0.0,0.0,0.0,0.0
UA1202,Dniprovskyi,Dnipropetrovska,0.0,0.0,0.0,0.0,0.0,0.0,0.0,0.0,0.0,0.0,0.0
UA1204,Kamianskyi,Dnipropetrovska,0.0,0.0,0.0,0.0,0.0,0.0,0.0,0.0,0.0,0.0,0.0
UA1206,Kryvorizkyi,Dnipropetrovska,4.0,0.0,0.0,0.0,3.0,290.88907366838544,0.0,0.0,0.0,4.0,4.0
UA1208,Nikopolskyi,Dnipropetrovska,3.0,0.0,0.0,0.0,2.0,737.6853549883597,0.0,0.0,0.0,3.0,3.0
UA1210,Samarivskyi,Dnipropetrovska,0.0,0.0,0.0,0.0,0.0,0.0,0.0,0.0,0.0,0.0,0.0
UA1212,Pavlohradskyi,Dnipropetrovska,0.0,0.0,0.0,0.0,0.0,0.0,0.0,0.0,0.0,0.0,0.0
UA1214,Synelnykivskyi,Dnipropetrovska,0.0,0.0,0.0,0.0,0.0,0.0,0.0,0.0,0.0,0.0,0.0
UA1402,Bakhmutskyi,Donetska,0.0,0.0,0.0,0.0,0.0,0.0,0.0,0.0,0.0,0.0,0.0
UA1404,Volnovaskyi,Donetska,0.0,0.0,0.0,0.0,0.0,0.0,0.0,0.0,0.0,0.0,0.0
UA1406,Horlivskyi,Donetska,0.0,0.0,0.0,0.0,0.0,0.0,0.0,0.0,0.0,0.0,0.0
UA1408,Donetskyi,Donetska,0.0,0.0,0.0,0.0,0.0,0.0,0.0,0.0,0.0,0.0,0.0
UA1410,Kalmiuskyi,Donetska,0.0,0.0,0.0,0.0,0.0,0.0,0.0,0.0,0.0,0.0,0.0
UA1412,Kramatorskyi,Donetska,0.0,0.0,0.0,0.0,0.0,0.0,0.0,0.0,0.0,0.0,0.0
UA1414,Mariupolskyi,Donetska,6443.0,6443.0,0.0,0.0,0.0,0.0,0.0,0.0,6443.0,0.0,2.0
UA1416,Pokrovskyi,Donetska,0.0,0.0,0.0,0.0,0.0,0.0,0.0,0.0,0.0,0.0,0.0
UA1802,Berdychivskyi,Zhytomyrska,0.0,0.0,0.0,0.0,0.0,0.0,0.0,0.0,0.0,0.0,0.0
UA1804,Zhytomyrskyi,Zhytomyrska,0.0,0.0,0.0,0.0,0.0,0.0,0.0,0.0,0.0,0.0,0.0
UA1806,Korostenskyi,Zhytomyrska,0.0,0.0,0.0,0.0,0.0,0.0,0.0,0.0,0.0,0.0,0.0
UA1808,Zviahelskyi,Zhytomyrska,0.0,0.0,0.0,0.0,0.0,0.0,0.0,0.0,0.0,0.0,0.0
UA2102,Berehivskyi,Zakarpatska,0.0,0.0,0.0,0.0,0.0,0.0,0.0,0.0,0.0,0.0,0.0
UA2104,Mukachivskyi,Zakarpatska,0.0,0.0,0.0,0.0,0.0,0.0,0.0,0.0,0.0,0.0,0.0
UA2106,Rakhivskyi,Zakarpatska,0.0,0.0,0.0,0.0,0.0,0.0,0.0,0.0,0.0,0.0,0.0
UA2108,Tiachivskyi,Zakarpatska,0.0,0.0,0.0,0.0,0.0,0.0,0.0,0.0,0.0,0.0,0.0
UA2110,Uzhhorodskyi,Zakarpatska,0.0,0.0,0.0,0.0,0.0,0.0,0.0,0.0,0.0,0.0,0.0
UA2112,Khustskyi,Zakarpatska,0.0,0.0,0.0,0.0,0.0,0.0,0.0,0.0,0.0,0.0,0.0
UA2302,Berdianskyi,Zaporizka,0.0,0.0,0.0,0.0,0.0,0.0,0.0,0.0,0.0,0.0,0.0
UA2304,Vasylivskyi,Zaporizka,5.0,1.0,0.0,0.0,3.0,1409.1763446774225,0.0,0.0,0.0,5.0,5.0
UA2306,Zaporizkyi,Zaporizka,3.0,0.0,0.0,0.0,2.0,430.91484408964305,0.0,0.0,0.0,3.0,3.0
UA2308,Melitopolskyi,Zaporizka,1.0,0.0,0.0,0.0,1.0,0.011600424285332605,0.0,0.0,0.0,1.0,1.0
UA2310,Polohivskyi,Zaporizka,0.0,0.0,0.0,0.0,0.0,0.0,0.0,0.0,0.0,0.0,0.0
UA2602,Verkhovynskyi,Ivano-Frankivska,0.0,0.0,0.0,0.0,0.0,0.0,0.0,0.0,0.0,0.0,0.0
UA2604,Ivano-Frankivskyi,Ivano-Frankivska,0.0,0.0,0.0,0.0,0.0,0.0,0.0,0.0,0.0,0.0,0.0
UA2606,Kaluskyi,Ivano-Frankivska,0.0,0.0,0.0,0.0,0.0,0.0,0.0,0.0,0.0,0.0,0.0
UA2608,Kolomyiskyi,Ivano-Frankivska,0.0,0.0,0.0,0.0,0.0,0.0,0.0,0.0,0.0,0.0,0.0
UA2610,Kosivskyi,Ivano-Frankivska,0.0,0.0,0.0,0.0,0.0,0.0,0.0,0.0,0.0,0.0,0.0
UA2612,Nadvirnianskyi,Ivano-Frankivska,0.0,0.0,0.0,0.0,0.0,0.0,0.0,0.0,0.0,0.0,0.0
UA3200,Chornobyl Exclusion Zone,Kyivska,0.0,0.0,0.0,0.0,0.0,0.0,0.0,0.0,0.0,0.0,0.0
UA3202,Bilotserkivskyi,Kyivska,0.0,0.0,0.0,0.0,0.0,0.0,0.0,0.0,0.0,0.0,0.0
UA3204,Boryspilskyi,Kyivska,0.0,0.0,0.0,0.0,0.0,0.0,0.0,0.0,0.0,0.0,0.0
UA3206,Brovarskyi,Kyivska,0.0,0.0,0.0,0.0,0.0,0.0,0.0,0.0,0.0,0.0,0.0
UA3208,Buchanskyi,Kyivska,0.0,0.0,0.0,0.0,0.0,0.0,0.0,0.0,0.0,0.0,0.0
UA3210,Vyshhorodskyi,Kyivska,0.0,0.0,0.0,0.0,0.0,0.0,0.0,0.0,0.0,0.0,0.0
UA3212,Obukhivskyi,Kyivska,0.0,0.0,0.0,0.0,0.0,0.0,0.0,0.0,0.0,0.0,0.0
UA3214,Fastivskyi,Kyivska,0.0,0.0,0.0,0.0,0.0,0.0,0.0,0.0,0.0,0.0,0.0
UA3502,Holovanivskyi,Kirovohradska,0.0,0.0,0.0,0.0,0.0,0.0,0.0,0.0,0.0,0.0,0.0
UA3504,Kropyvnytskyi,Kirovohradska,0.0,0.0,0.0,0.0,0.0,0.0,0.0,0.0,0.0,0.0,0.0
UA3506,Novoukrainskyi,Kirovohradska,0.0,0.0,0.0,0.0,0.0,0.0,0.0,0.0,0.0,0.0,0.0
UA3508,Oleksandriiskyi,Kirovohradska,0.0,0.0,0.0,0.0,0.0,0.0,0.0,0.0,0.0,0.0,0.0
UA4402,Alchevskyi,Luhanska,0.0,0.0,0.0,0.0,0.0,0.0,0.0,0.0,0.0,0.0,0.0
UA4404,Dovzhanskyi,Luhanska,0.0,0.0,0.0,0.0,0.0,0.0,0.0,0.0,0.0,0.0,0.0
UA4406,Luhanskyi,Luhanska,0.0,0.0,0.0,0.0,0.0,0.0,0.0,0.0,0.0,0.0,0.0
UA4408,Rovenkivskyi,Luhanska,0.0,0.0,0.0,0.0,0.0,0.0,0.0,0.0,0.0,0.0,0.0
UA4410,Svativskyi,Luhanska,0.0,0.0,0.0,0.0,0.0,0.0,0.0,0.0,0.0,0.0,0.0
UA4412,Siverskodonetskyi,Luhanska,0.0,0.0,0.0,0.0,0.0,0.0,0.0,0.0,0.0,0.0,0.0
UA4414,Starobilskyi,Luhanska,0.0,0.0,0.0,0.0,0.0,0.0,0.0,0.0,0.0,0.0,0.0
UA4416,Shchastynskyi,Luhanska,0.0,0.0,0.0,0.0,0.0,0.0,0.0,0.0,0.0,0.0,0.0
UA4602,Drohobytskyi,Lvivska,0.0,0.0,0.0,0.0,0.0,0.0,0.0,0.0,0.0,0.0,0.0
UA4604,Zolochivskyi,Lvivska,0.0,0.0,0.0,0.0,0.0,0.0,0.0,0.0,0.0,0.0,0.0
UA4606,Lvivskyi,Lvivska,0.0,0.0,0.0,0.0,0.0,0.0,0.0,0.0,0.0,0.0,0.0
UA4608,Sambirskyi,Lvivska,0.0,0.0,0.0,0.0,0.0,0.0,0.0,0.0,0.0,0.0,0.0
UA4610,Stryiskyi,Lvivska,0.0,0.0,0.0,0.0,0.0,0.0,0.0,0.0,0.0,0.0,0.0
UA4612,Sheptytskyi,Lvivska,0.0,0.0,0.0,0.0,0.0,0.0,0.0,0.0,0.0,0.0,0.0
UA4614,Yavorivskyi,Lvivska,0.0,0.0,0.0,0.0,0.0,0.0,0.0,0.0,0.0,0.0,0.0
UA4802,Bashtanskyi,Mykolaivska,19.0,0.0,1.0,1.4747544555810803,16.0,327.7442867157475,0.0,1.4747544555810803,0.0,19.0,19.0
UA4804,Voznesenskyi,Mykolaivska,1.0,0.0,0.0,0.0,1.0,0.022508319190613066,0.0,0.0,0.0,1.0,1.0
UA4806,Mykolaivskyi,Mykolaivska,9.0,0.0,0.0,0.0,7.0,2223.342345410901,0.0,0.0,0.0,9.0,9.0
UA4808,Pervomaiskyi,Mykolaivska,0.0,0.0,0.0,0.0,0.0,0.0,0.0,0.0,0.0,0.0,0.0
UA5102,Berezivskyi,Odeska,0.0,0.0,0.0,0.0,0.0,0.0,0.0,0.0,0.0,0.0,0.0
UA5104,Bilhorod-Dnistrovskyi,Odeska,0.0,0.0,0.0,0.0,0.0,0.0,0.0,0.0,0.0,0.0,0.0
UA5106,Bolhradskyi,Odeska,0.0,0.0,0.0,0.0,0.0,0.0,0.0,0.0,0.0,0.0,0.0
UA5108,Izmailskyi,Odeska,0.0,0.0,0.0,0.0,0.0,0.0,0.0,0.0,0.0,0.0,0.0
UA5110,Odeskyi,Odeska,5.0,0.0,0.0,0.0,5.0,40.913016809194445,0.0,0.0,0.0,5.0,5.0
UA5112,Podilskyi,Odeska,0.0,0.0,0.0,0.0,0.0,0.0,0.0,0.0,0.0,0.0,0.0
UA5114,Rozdilnianskyi,Odeska,0.0,0.0,0.0,0.0,0.0,0.0,0.0,0.0,0.0,0.0,0.0
UA5302,Kremenchutskyi,Poltavska,26.0,26.0,0.0,0.0,0.0,0.0,0.0,0.0,26.0,0.0,1.0
UA5304,Lubenskyi,Poltavska,0.0,0.0,0.0,0.0,0.0,0.0,0.0,0.0,0.0,0.0,0.0
UA5306,Myrhorodskyi,Poltavska,0.0,0.0,0.0,0.0,0.0,0.0,0.0,0.0,0.0,0.0,0.0
UA5308,Poltavskyi,Poltavska,0.0,0.0,0.0,0.0,0.0,0.0,0.0,0.0,0.0,0.0,0.0
UA5602,Varaskyi,Rivnenska,0.0,0.0,0.0,0.0,0.0,0.0,0.0,0.0,0.0,0.0,0.0
UA5604,Dubenskyi,Rivnenska,0.0,0.0,0.0,0.0,0.0,0.0,0.0,0.0,0.0,0.0,0.0
UA5606,Rivnenskyi,Rivnenska,0.0,0.0,0.0,0.0,0.0,0.0,0.0,0.0,0.0,0.0,0.0
UA5608,Sarnenskyi,Rivnenska,0.0,0.0,0.0,0.0,0.0,0.0,0.0,0.0,0.0,0.0,0.0
UA5902,Konotopskyi,Sumska,0.0,0.0,0.0,0.0,0.0,0.0,0.0,0.0,0.0,0.0,0.0
UA5904,Okhtyrskyi,Sumska,0.0,0.0,0.0,0.0,0.0,0.0,0.0,0.0,0.0,0.0,0.0
UA5906,Romenskyi,Sumska,0.0,0.0,0.0,0.0,0.0,0.0,0.0,0.0,0.0,0.0,0.0
UA5908,Sumskyi,Sumska,1111.0,0.0,1111.0,110.60902438648036,0.0,0.0,0.0,0.0,1111.0,0.0,1.0
UA5910,Shostkynskyi,Sumska,0.0,0.0,0.0,0.0,0.0,0.0,0.0,0.0,0.0,0.0,0.0
UA6102,Kremenetskyi,Ternopilska,0.0,0.0,0.0,0.0,0.0,0.0,0.0,0.0,0.0,0.0,0.0
UA6104,Ternopilskyi,Ternopilska,0.0,0.0,0.0,0.0,0.0,0.0,0.0,0.0,0.0,0.0,0.0
UA6106,Chortkivskyi,Ternopilska,0.0,0.0,0.0,0.0,0.0,0.0,0.0,0.0,0.0,0.0,0.0
UA6302,Bohodukhivskyi,Kharkivska,0.0,0.0,0.0,0.0,0.0,0.0,0.0,0.0,0.0,0.0,0.0
UA6304,Iziumskyi,Kharkivska,0.0,0.0,0.0,0.0,0.0,0.0,0.0,0.0,0.0,0.0,0.0
UA6306,Berestynskyi,Kharkivska,0.0,0.0,0.0,0.0,0.0,0.0,0.0,0.0,0.0,0.0,0.0
UA6308,Kupianskyi,Kharkivska,0.0,0.0,0.0,0.0,0.0,0.0,0.0,0.0,0.0,0.0,0.0
UA6310,Lozivskyi,Kharkivska,0.0,0.0,0.0,0.0,0.0,0.0,0.0,0.0,0.0,0.0,0.0
UA6312,Kharkivskyi,Kharkivska,4495.0,894.0,3601.0,372.6623333976206,0.0,0.0,0.0,0.0,4495.0,0.0,2.0
UA6314,Chuhuivskyi,Kharkivska,0.0,0.0,0.0,0.0,0.0,0.0,0.0,0.0,0.0,0.0,0.0
UA6502,Beryslavskyi,Khersonska,25.0,0.0,1.0,1.634566626143442,21.0,1307.9149016278413,0.0,1.634566626143442,0.0,25.0,25.0
UA6504,Henicheskyi,Khersonska,2.0,0.0,0.0,0.0,2.0,7.378113677708348,0.0,0.0,0.0,2.0,2.0
UA6506,Kakhovskyi,Khersonska,380.0,354.0,1.0,6.824630044156769,21.0,1640.8737400156958,1.0,6.824630044156769,0.0,380.0,29.0
UA6508,Skadovskyi,Khersonska,17996.0,17968.0,2.0,49.361140003010554,20.0,3634.522526303829,0.0,22.66188446006219,0.0,17996.0,30.0
UA6510,Khersonskyi,Khersonska,17960.0,17845.0,4.0,68.78340820395428,24.0,4227.620187193187,0.0,53.94097433001131,0.0,17960.0,42.0
UA6802,Kamianets-Podilskyi,Khmelnytska,0.0,0.0,0.0,0.0,0.0,0.0,0.0,0.0,0.0,0.0,0.0
UA6804,Khmelnytskyi,Khmelnytska,0.0,0.0,0.0,0.0,0.0,0.0,0.0,0.0,0.0,0.0,0.0
UA6806,Shepetivskyi,Khmelnytska,0.0,0.0,0.0,0.0,0.0,0.0,0.0,0.0,0.0,0.0,0.0
UA7102,Zvenyhorodskyi,Cherkaska,0.0,0.0,0.0,0.0,0.0,0.0,0.0,0.0,0.0,0.0,0.0
UA7104,Zolotoniskyi,Cherkaska,0.0,0.0,0.0,0.0,0.0,0.0,0.0,0.0,0.0,0.0,0.0
UA7106,Umanskyi,Cherkaska,0.0,0.0,0.0,0.0,0.0,0.0,0.0,0.0,0.0,0.0,0.0
UA7108,Cherkaskyi,Cherkaska,0.0,0.0,0.0,0.0,0.0,0.0,0.0,0.0,0.0,0.0,0.0
UA7302,Vyzhnytskyi,Chernivetska,0.0,0.0,0.0,0.0,0.0,0.0,0.0,0.0,0.0,0.0,0.0
UA7304,Dnistrovskyi,Chernivetska,0.0,0.0,0.0,0.0,0.0,0.0,0.0,0.0,0.0,0.0,0.0
UA7306,Chernivetskyi,Chernivetska,0.0,0.0,0.0,0.0,0.0,0.0,0.0,0.0,0.0,0.0,0.0
UA7402,Koriukivskyi,Chernihivska,0.0,0.0,0.0,0.0,0.0,0.0,0.0,0.0,0.0,0.0,0.0
UA7404,Nizhynskyi,Chernihivska,0.0,0.0,0.0,0.0,0.0,0.0,0.0,0.0,0.0,0.0,0.0
UA7406,Novhorod-Siverskyi,Chernihivska,0.0,0.0,0.0,0.0,0.0,0.0,0.0,0.0,0.0,0.0,0.0
UA7408,Prylutskyi,Chernihivska,0.0,0.0,0.0,0.0,0.0,0.0,0.0,0.0,0.0,0.0,0.0
UA7410,Chernihivskyi,Chernihivska,0.0,0.0,0.0,0.0,0.0,0.0,0.0,0.0,0.0,0.0,0.0
UA8000,Kyiv,Kyiv,0.0,0.0,0.0,0.0,0.0,0.0,0.0,0.0,0.0,0.0,0.0
UA8500,Sevastopol,Sevastopol,0.0,0.0,0.0,0.0,0.0,0.0,0.0,0.0,0.0,0.0,0.0
