raion_id,raion_name,oblast_name,source_group,feature_kind,geom_kind,source_layer,source_package,event_date,feature_count,feature_area_km2,event_year
UA1414,Mariupolskyi,Donetska,damage,damage_point,point,Damage_Point_All_No_Military_V2,CE20220223UKR_UNOSAT_Damage_shp.zip,2022-03-14,783,0.0,2022
UA6312,Kharkivskyi,Kharkivska,damage,damage,polygon,Kharkiv_23March2022_RDA,CE20220223UKR_UNOSAT_Damage_shp.zip,2022-03-23,3601,372.6623333976206,2022
UA5908,Sumskyi,Sumska,damage,damage,polygon,Sumy_22March2022_RDA,CE20220223UKR_UNOSAT_Damage_shp.zip,2022-03-20,1111,110.60902438648036,2022
UA4802,Bashtanskyi,Mykolaivska,damage,affected_urban,polygon,ICEYE_20230607_AffectedUrbanArea_KhersonskaOblast_UKR,FL20230606UKR_SHP.zip,2023-06-07,1,1.4747544555810803,2023
UA6502,Beryslavskyi,Khersonska,damage,affected_urban,polygon,ICEYE_20230607_AffectedUrbanArea_KhersonskaOblast_UKR,FL20230606UKR_SHP.zip,2023-06-07,1,1.634566626143442,2023
UA6506,Kakhovskyi,Khersonska,damage,affected_urban,polygon,ICEYE_20230607_AffectedUrbanArea_KhersonskaOblast_UKR,FL20230606UKR_SHP.zip,2023-06-07,1,6.824630044156769,2023
UA6508,Skadovskyi,Khersonska,damage,affected_urban,polygon,ICEYE_20230607_AffectedUrbanArea_KhersonskaOblast_UKR,FL20230606UKR_SHP.zip,2023-06-07,1,22.66188446006219,2023
UA6510,Khersonskyi,Khersonska,damage,affected_urban,polygon,ICEYE_20230607_AffectedUrbanArea_KhersonskaOblast_UKR,FL20230606UKR_SHP.zip,2023-06-07,1,53.94097433001131,2023
UA4802,Bashtanskyi,Mykolaivska,flood,flood,polygon,ICEYE_20230607_FloodExtent_KhersonskaOblast_UKR,FL20230606UKR_SHP.zip,2023-06-07,1,22.06944702255548,2023
UA6502,Beryslavskyi,Khersonska,flood,flood,polygon,ICEYE_20230607_FloodExtent_KhersonskaOblast_UKR,FL20230606UKR_SHP.zip,2023-06-07,1,25.862352081658145,2023
UA6506,Kakhovskyi,Khersonska,flood,flood,polygon,ICEYE_20230607_FloodExtent_KhersonskaOblast_UKR,FL20230606UKR_SHP.zip,2023-06-07,1,21.77358262705902,2023
UA6508,Skadovskyi,Khersonska,flood,flood,polygon,ICEYE_20230607_FloodExtent_KhersonskaOblast_UKR,FL20230606UKR_SHP.zip,2023-06-07,1,134.13300198348205,2023
UA6510,Khersonskyi,Khersonska,flood,flood,polygon,ICEYE_20230607_FloodExtent_KhersonskaOblast_UKR,FL20230606UKR_SHP.zip,2023-06-07,1,316.9297702733722,2023
UA4802,Bashtanskyi,Mykolaivska,flood,flood,polygon,ICEYE_20230607_WaterExtent_KhersonskaOblast_UKR,FL20230606UKR_SHP.zip,2023-06-07,1,24.30258294950382,2023
UA6502,Beryslavskyi,Khersonska,flood,flood,polygon,ICEYE_20230607_WaterExtent_KhersonskaOblast_UKR,FL20230606UKR_SHP.zip,2023-06-07,1,38.06797987343708,2023
UA6506,Kakhovskyi,Khersonska,flood,flood,polygon,ICEYE_20230607_WaterExtent_KhersonskaOblast_UKR,FL20230606UKR_SHP.zip,2023-06-07,1,36.849048569122544,2023
UA6508,Skadovskyi,Khersonska,flood,flood,polygon,ICEYE_20230607_WaterExtent_KhersonskaOblast_UKR,FL20230606UKR_SHP.zip,2023-06-07,1,186.96996308145629,2023
UA6510,Khersonskyi,Khersonska,flood,flood,polygon,ICEYE_20230607_WaterExtent_KhersonskaOblast_UKR,FL20230606UKR_SHP.zip,2023-06-07,1,413.3937662945727,2023
UA4802,Bashtanskyi,Mykolaivska,flood,flood,polygon,ICEYE_20230607_WaterExtentOutsideRiverBed_KhersonskaOblast_UKR,FL20230606UKR_SHP.zip,2023-06-07,1,24.30258294950382,2023
UA6502,Beryslavskyi,Khersonska,flood,flood,polygon,ICEYE_20230607_WaterExtentOutsideRiverBed_KhersonskaOblast_UKR,FL20230606UKR_SHP.zip,2023-06-07,1,9.337227527313491,2023
UA6506,Kakhovskyi,Khersonska,flood,flood,polygon,ICEYE_20230607_WaterExtentOutsideRiverBed_KhersonskaOblast_UKR,FL20230606UKR_SHP.zip,2023-06-07,1,10.583860422486604,2023
UA6508,Skadovskyi,Khersonska,flood,flood,polygon,ICEYE_20230607_WaterExtentOutsideRiverBed_KhersonskaOblast_UKR,FL20230606UKR_SHP.zip,2023-06-07,1,55.910203191456574,2023
UA6510,Khersonskyi,Khersonska,flood,flood,polygon,ICEYE_20230607_WaterExtentOutsideRiverBed_KhersonskaOblast_UKR,FL20230606UKR_SHP.zip,2023-06-07,1,123.86165366900069,2023
UA4802,Bashtanskyi,Mykolaivska,flood,flood,polygon,L9_20230609_WaterExtent_KhersonskaOblast_UKR,FL20230606UKR_SHP.zip,2023-06-09,1,40.71243494895995,2023
UA4804,Voznesenskyi,Mykolaivska,flood,flood,polygon,L9_20230609_WaterExtent_KhersonskaOblast_UKR,FL20230606UKR_SHP.zip,2023-06-09,1,0.022508319190613066,2023
UA5110,Odeskyi,Odeska,flood,flood,polygon,L9_20230609_WaterExtent_KhersonskaOblast_UKR,FL20230606UKR_SHP.zip,2023-06-09,1,0.0027008530647372334,2023
UA6502,Beryslavskyi,Khersonska,flood,flood,polygon,L9_20230609_WaterExtent_KhersonskaOblast_UKR,FL20230606UKR_SHP.zip,2023-06-09,1,22.773618350640575,2023
UA6506,Kakhovskyi,Khersonska,flood,flood,polygon,L9_20230609_WaterExtent_KhersonskaOblast_UKR,FL20230606UKR_SHP.zip,2023-06-09,1,17.716763021272932,2023
UA6508,Skadovskyi,Khersonska,flood,flood,polygon,L9_20230609_WaterExtent_KhersonskaOblast_UKR,FL20230606UKR_SHP.zip,2023-06-09,1,114.913125265758,2023
UA6510,Khersonskyi,Khersonska,flood,flood,polygon,L9_20230609_WaterExtent_KhersonskaOblast_UKR,FL20230606UKR_SHP.zip,2023-06-09,1,269.1351811479824,2023
UA0106,Dzhankoiskyi,Autonomous Republic of Crimea,flood,flood,polygon,MODIS_AquaTerra_20230607_FloodExtent_NK_Dam,FL20230606UKR_SHP.zip,2023-06-07,1,2.353354056020265,2023
UA0108,Yevpatoriiskyi,Autonomous Republic of Crimea,flood,flood,polygon,MODIS_AquaTerra_20230607_FloodExtent_NK_Dam,FL20230606UKR_SHP.zip,2023-06-07,1,0.2615827568823383,2023
UA0114,Perekopskyi,Autonomous Republic of Crimea,flood,flood,polygon,MODIS_AquaTerra_20230607_FloodExtent_NK_Dam,FL20230606UKR_SHP.zip,2023-06-07,1,11.633234913546728,2023
UA1206,Kryvorizkyi,Dnipropetrovska,flood,flood,polygon,MODIS_AquaTerra_20230607_FloodExtent_NK_Dam,FL20230606UKR_SHP.zip,2023-06-07,1,0.8142824118123534,2023
UA2304,Vasylivskyi,Zaporizka,flood,flood,polygon,MODIS_AquaTerra_20230607_FloodExtent_NK_Dam,FL20230606UKR_SHP.zip,2023-06-07,1,1.5039512788319547,2023
UA4802,Bashtanskyi,Mykolaivska,flood,flood,polygon,MODIS_AquaTerra_20230607_FloodExtent_NK_Dam,FL20230606UKR_SHP.zip,2023-06-07,1,2.453111638951814,2023
UA4806,Mykolaivskyi,Mykolaivska,flood,flood,polygon,MODIS_AquaTerra_20230607_FloodExtent_NK_Dam,FL20230606UKR_SHP.zip,2023-06-07,1,6.763177980596746,2023
UA5110,Odeskyi,Odeska,flood,flood,polygon,MODIS_AquaTerra_20230607_FloodExtent_NK_Dam,FL20230606UKR_SHP.zip,2023-06-07,1,0.06418077840196507,2023
UA6502,Beryslavskyi,Khersonska,flood,flood,polygon,MODIS_AquaTerra_20230607_FloodExtent_NK_Dam,FL20230606UKR_SHP.zip,2023-06-07,1,5.065421170191918,2023
UA6504,Henicheskyi,Khersonska,flood,flood,polygon,MODIS_AquaTerra_20230607_FloodExtent_NK_Dam,FL20230606UKR_SHP.zip,2023-06-07,1,7.350998436580454,2023
UA6506,Kakhovskyi,Khersonska,flood,flood,polygon,MODIS_AquaTerra_20230607_FloodExtent_NK_Dam,FL20230606UKR_SHP.zip,2023-06-07,1,21.375882290289397,2023
UA6508,Skadovskyi,Khersonska,flood,flood,polygon,MODIS_AquaTerra_20230607_FloodExtent_NK_Dam,FL20230606UKR_SHP.zip,2023-06-07,1,110.99848677130221,2023
UA6510,Khersonskyi,Khersonska,flood,flood,polygon,MODIS_AquaTerra_20230607_FloodExtent_NK_Dam,FL20230606UKR_SHP.zip,2023-06-07,1,181.81458931518407,2023
UA2304,Vasylivskyi,Zaporizka,damage,damage,point,POI_DamagedDam_ZaporizhzhiaNuclearPowerPlant,FL20230606UKR_SHP.zip,2023-06-06,1,0.0,2023
UA6506,Kakhovskyi,Khersonska,damage,damage,point,POI_DamagedDam_ZaporizhzhiaNuclearPowerPlant,FL20230606UKR_SHP.zip,2023-06-06,1,0.0,2023
UA6506,Kakhovskyi,Khersonska,damage,affected_road,line,SkySat_20230606_AffectedRoad_NK_Dam,FL20230606UKR_SHP.zip,2023-06-06,1,0.0,2023
UA6506,Kakhovskyi,Khersonska,damage,damage,point,SkySat_20230606_DamagedHarbour_NK_Dam,FL20230606UKR_SHP.zip,2023-06-06,7,0.0,2023
UA6506,Kakhovskyi,Khersonska,damage,damage,point,SkySat_20230606_DamageStructure_NK_Dam,FL20230606UKR_SHP.zip,2023-06-06,346,0.0,2023
UA6502,Beryslavskyi,Khersonska,flood,flood,polygon,SkySat_20230606_FloodExtent_NK_Dam,FL20230606UKR_SHP.zip,2023-06-06,1,0.8786651836905643,2023
UA6506,Kakhovskyi,Khersonska,flood,flood,polygon,SkySat_20230606_FloodExtent_NK_Dam,FL20230606UKR_SHP.zip,2023-06-06,1,3.916993122267467,2023
UA6502,Beryslavskyi,Khersonska,flood,flood,polygon,SkySat_20230606_WaterExtent_NK_Dam,FL20230606UKR_SHP.zip,2023-06-06,1,3.9919720551218694,2023
UA6506,Kakhovskyi,Khersonska,flood,flood,polygon,SkySat_20230606_WaterExtent_NK_Dam,FL20230606UKR_SHP.zip,2023-06-06,1,26.12424439332781,2023
UA1206,Kryvorizkyi,Dnipropetrovska,flood,flood,polygon,ST1_20230609_WaterExtent_KhersonskarOblast_UKR,FL20230606UKR_SHP.zip,2023-06-09,1,129.77045039902467,2023
UA1208,Nikopolskyi,Dnipropetrovska,flood,flood,polygon,ST1_20230609_WaterExtent_KhersonskarOblast_UKR,FL20230606UKR_SHP.zip,2023-06-09,1,344.7409597634114,2023
UA2304,Vasylivskyi,Zaporizka,flood,flood,polygon,ST1_20230609_WaterExtent_KhersonskarOblast_UKR,FL20230606UKR_SHP.zip,2023-06-09,1,669.1240624900508,2023
UA2306,Zaporizkyi,Zaporizka,flood,flood,polygon,ST1_20230609_WaterExtent_KhersonskarOblast_UKR,FL20230606UKR_SHP.zip,2023-06-09,1,146.62149466021884,2023
UA6502,Beryslavskyi,Khersonska,flood,flood,polygon,ST1_20230609_WaterExtent_KhersonskarOblast_UKR,FL20230606UKR_SHP.zip,2023-06-09,1,280.1156886973214,2023
UA6506,Kakhovskyi,Khersonska,flood,flood,polygon,ST1_20230609_WaterExtent_KhersonskarOblast_UKR,FL20230606UKR_SHP.zip,2023-06-09,1,366.37868810806305,2023
UA6510,Khersonskyi,Khersonska,flood,flood,polygon,ST1_20230609_WaterExtent_KhersonskarOblast_UKR,FL20230606UKR_SHP.zip,2023-06-09,1,0.4580187408697825,2023
UA4802,Bashtanskyi,Mykolaivska,flood,flood,polygon,ST1_20230621_FloodExtent_KhersonskarOblast_UKR,FL20230606UKR_SHP.zip,2023-06-21,1,3.8743199706363716,2023
UA6502,Beryslavskyi,Khersonska,flood,flood,polygon,ST1_20230621_FloodExtent_KhersonskarOblast_UKR,FL20230606UKR_SHP.zip,2023-06-21,1,2.4876478664598314,2023
UA6506,Kakhovskyi,Khersonska,flood,flood,polygon,ST1_20230621_FloodExtent_KhersonskarOblast_UKR,FL20230606UKR_SHP.zip,2023-06-21,1,2.8685289066445385,2023
UA6508,Skadovskyi,Khersonska,flood,flood,polygon,ST1_20230621_FloodExtent_KhersonskarOblast_UKR,FL20230606UKR_SHP.zip,2023-06-21,1,5.340351015038383,2023
UA6510,Khersonskyi,Khersonska,flood,flood,polygon,ST1_20230621_FloodExtent_KhersonskarOblast_UKR,FL20230606UKR_SHP.zip,2023-06-21,1,6.598779732432242,2023
UA4802,Bashtanskyi,Mykolaivska,flood,flood,polygon,ST1_20230621_WaterExtent_KhersonskarOblast_UKR,FL20230606UKR_SHP.zip,2023-06-21,1,9.016449455653003,2023
UA6502,Beryslavskyi,Khersonska,flood,flood,polygon,ST1_20230621_WaterExtent_KhersonskarOblast_UKR,FL20230606UKR_SHP.zip,2023-06-21,1,27.117520771408728,2023
UA6506,Kakhovskyi,Khersonska,flood,flood,polygon,ST1_20230621_WaterExtent_KhersonskarOblast_UKR,FL20230606UKR_SHP.zip,2023-06-21,1,30.025228316017635,2023
UA6508,Skadovskyi,Khersonska,flood,flood,polygon,ST1_20230621_WaterExtent_KhersonskarOblast_UKR,FL20230606UKR_SHP.zip,2023-06-21,1,51.28494845287027,2023
UA6510,Khersonskyi,Khersonska,flood,flood,polygon,ST1_20230621_WaterExtent_KhersonskarOblast_UKR,FL20230606UKR_SHP.zip,2023-06-21,1,109.18194940956603,2023
UA1206,Kryvorizkyi,Dnipropetrovska,other,other,polygon,ST2_20230603_20230605_RiverBanks_DniproRiver,FL20230606UKR_SHP.zip,2023-05-06,1,138.23153460874352,2023
UA1208,Nikopolskyi,Dnipropetrovska,other,other,polygon,ST2_20230603_20230605_RiverBanks_DniproRiver,FL20230606UKR_SHP.zip,2023-05-06,1,376.55228820502543,2023
UA2304,Vasylivskyi,Zaporizka,other,other,polygon,ST2_20230603_20230605_RiverBanks_DniproRiver,FL20230606UKR_SHP.zip,2023-05-06,1,710.9937239200929,2023
UA2306,Zaporizkyi,Zaporizka,other,other,polygon,ST2_20230603_20230605_RiverBanks_DniproRiver,FL20230606UKR_SHP.zip,2023-05-06,1,277.39486490722066,2023
UA4806,Mykolaivskyi,Mykolaivska,other,other,polygon,ST2_20230603_20230605_RiverBanks_DniproRiver,FL20230606UKR_SHP.zip,2023-05-06,1,448.11787961705204,2023
UA6502,Beryslavskyi,Khersonska,other,other,polygon,ST2_20230603_20230605_RiverBanks_DniproRiver,FL20230606UKR_SHP.zip,2023-05-06,1,303.2472143017831,2023
UA6506,Kakhovskyi,Khersonska,other,other,polygon,ST2_20230603_20230605_RiverBanks_DniproRiver,FL20230606UKR_SHP.zip,2023-05-06,1,383.52061798063806,2023
UA6508,Skadovskyi,Khersonska,other,other,polygon,ST2_20230603_20230605_RiverBanks_DniproRiver,FL20230606UKR_SHP.zip,2023-05-06,1,290.68287179583757,2023
UA6510,Khersonskyi,Khersonska,other,other,polygon,ST2_20230603_20230605_RiverBanks_DniproRiver,FL20230606UKR_SHP.zip,2023-05-06,1,506.16149786167875,2023
UA1206,Kryvorizkyi,Dnipropetrovska,flood,flood,polygon,ST2_20230603_20230605_WaterExtent_KhersonskaOblast_UKR,FL20230606UKR_SHP.zip,2023-05-06,1,160.30434085754842,2023
UA1208,Nikopolskyi,Dnipropetrovska,flood,flood,polygon,ST2_20230603_20230605_WaterExtent_KhersonskaOblast_UKR,FL20230606UKR_SHP.zip,2023-05-06,1,392.9443952249483,2023
UA2304,Vasylivskyi,Zaporizka,flood,flood,polygon,ST2_20230603_20230605_WaterExtent_KhersonskaOblast_UKR,FL20230606UKR_SHP.zip,2023-05-06,1,738.5483309085398,2023
UA2306,Zaporizkyi,Zaporizka,flood,flood,polygon,ST2_20230603_20230605_WaterExtent_KhersonskaOblast_UKR,FL20230606UKR_SHP.zip,2023-05-06,1,284.2933494294242,2023
UA2308,Melitopolskyi,Zaporizka,flood,flood,polygon,ST2_20230603_20230605_WaterExtent_KhersonskaOblast_UKR,FL20230606UKR_SHP.zip,2023-05-06,1,0.011600424285332605,2023
UA4802,Bashtanskyi,Mykolaivska,flood,flood,polygon,ST2_20230603_20230605_WaterExtent_KhersonskaOblast_UKR,FL20230606UKR_SHP.zip,2023-05-06,1,2.7535646828908757,2023
UA4806,Mykolaivskyi,Mykolaivska,flood,flood,polygon,ST2_20230603_20230605_WaterExtent_KhersonskaOblast_UKR,FL20230606UKR_SHP.zip,2023-05-06,1,448.1178795991608,2023
UA6502,Beryslavskyi,Khersonska,flood,flood,polygon,ST2_20230603_20230605_WaterExtent_KhersonskaOblast_UKR,FL20230606UKR_SHP.zip,2023-05-06,1,285.9410048951814,2023
UA6504,Henicheskyi,Khersonska,flood,flood,polygon,ST2_20230603_20230605_WaterExtent_KhersonskaOblast_UKR,FL20230606UKR_SHP.zip,2023-05-06,1,0.027115241127894006,2023
UA6506,Kakhovskyi,Khersonska,flood,flood,polygon,ST2_20230603_20230605_WaterExtent_KhersonskaOblast_UKR,FL20230606UKR_SHP.zip,2023-05-06,1,385.29952938074297,2023
UA6508,Skadovskyi,Khersonska,flood,flood,polygon,ST2_20230603_20230605_WaterExtent_KhersonskaOblast_UKR,FL20230606UKR_SHP.zip,2023-05-06,1,212.7881664112483,2023
UA6510,Khersonskyi,Khersonska,flood,flood,polygon,ST2_20230603_20230605_WaterExtent_KhersonskaOblast_UKR,FL20230606UKR_SHP.zip,2023-05-06,1,309.0570651566552,2023
UA4802,Bashtanskyi,Mykolaivska,flood,flood,polygon,ST2_20230608_FloodExtent_KhersonskarOblast_UKR,FL20230606UKR_SHP.zip,2023-08-06,1,38.763386859013806,2023
UA6502,Beryslavskyi,Khersonska,flood,flood,polygon,ST2_20230608_FloodExtent_KhersonskarOblast_UKR,FL20230606UKR_SHP.zip,2023-08-06,1,5.376785600031193,2023
UA6506,Kakhovskyi,Khersonska,flood,flood,polygon,ST2_20230608_FloodExtent_KhersonskarOblast_UKR,FL20230606UKR_SHP.zip,2023-08-06,1,2.3292071990011163,2023
UA6508,Skadovskyi,Khersonska,flood,flood,polygon,ST2_20230608_FloodExtent_KhersonskarOblast_UKR,FL20230606UKR_SHP.zip,2023-08-06,1,111.89594044336378,2023
UA6510,Khersonskyi,Khersonska,flood,flood,polygon,ST2_20230608_FloodExtent_KhersonskarOblast_UKR,FL20230606UKR_SHP.zip,2023-08-06,1,102.55468507643742,2023
UA4802,Bashtanskyi,Mykolaivska,flood,flood,polygon,ST2_20230608_WaterExtent_KhersonskarOblast_UKR,FL20230606UKR_SHP.zip,2023-09-06,1,40.55877176485479,2023
UA4806,Mykolaivskyi,Mykolaivska,flood,flood,polygon,ST2_20230608_WaterExtent_KhersonskarOblast_UKR,FL20230606UKR_SHP.zip,2023-09-06,1,18.34638575747943,2023
UA6502,Beryslavskyi,Khersonska,flood,flood,polygon,ST2_20230608_WaterExtent_KhersonskarOblast_UKR,FL20230606UKR_SHP.zip,2023-09-06,1,172.96155658152264,2023
UA6506,Kakhovskyi,Khersonska,flood,flood,polygon,ST2_20230608_WaterExtent_KhersonskarOblast_UKR,FL20230606UKR_SHP.zip,2023-09-06,1,166.158490911036,2023
UA6508,Skadovskyi,Khersonska,flood,flood,polygon,ST2_20230608_WaterExtent_KhersonskarOblast_UKR,FL20230606UKR_SHP.zip,2023-09-06,1,152.86411560008676,2023
UA6510,Khersonskyi,Khersonska,flood,flood,polygon,ST2_20230608_WaterExtent_KhersonskarOblast_UKR,FL20230606UKR_SHP.zip,2023-09-06,1,133.92831960903183,2023
UA4802,Bashtanskyi,Mykolaivska,other,other,polygon,ST2_20230613_CloudObstruction_KhersonskaOblast_UKR,FL20230606UKR_SHP.zip,2023-06-13,1,1080.250507275251,2023
UA4806,Mykolaivskyi,Mykolaivska,other,other,polygon,ST2_20230613_CloudObstruction_KhersonskaOblast_UKR,FL20230606UKR_SHP.zip,2023-06-13,1,687.0012541531313,2023
UA6502,Beryslavskyi,Khersonska,other,other,polygon,ST2_20230613_CloudObstruction_KhersonskaOblast_UKR,FL20230606UKR_SHP.zip,2023-06-13,1,483.5151038954953,2023
UA6506,Kakhovskyi,Khersonska,other,other,polygon,ST2_20230613_CloudObstruction_KhersonskaOblast_UKR,FL20230606UKR_SHP.zip,2023-06-13,1,419.4545357236102,2023
UA6508,Skadovskyi,Khersonska,other,other,polygon,ST2_20230613_CloudObstruction_KhersonskaOblast_UKR,FL20230606UKR_SHP.zip,2023-06-13,1,1444.8895599542911,2023
UA6510,Khersonskyi,Khersonska,other,other,polygon,ST2_20230613_CloudObstruction_KhersonskaOblast_UKR,FL20230606UKR_SHP.zip,2023-06-13,1,1940.1950631902803,2023
UA4802,Bashtanskyi,Mykolaivska,flood,flood,polygon,ST2_20230613_FloodExtent_KhersonskaOblast_UKR,FL20230606UKR_SHP.zip,2023-06-13,1,11.850147670392396,2023
UA6502,Beryslavskyi,Khersonska,flood,flood,polygon,ST2_20230613_FloodExtent_KhersonskaOblast_UKR,FL20230606UKR_SHP.zip,2023-06-13,1,10.047070115529447,2023
UA6506,Kakhovskyi,Khersonska,flood,flood,polygon,ST2_20230613_FloodExtent_KhersonskaOblast_UKR,FL20230606UKR_SHP.zip,2023-06-13,1,6.446307631411592,2023
UA6508,Skadovskyi,Khersonska,flood,flood,polygon,ST2_20230613_FloodExtent_KhersonskaOblast_UKR,FL20230606UKR_SHP.zip,2023-06-13,1,43.30964000348499,2023
UA6510,Khersonskyi,Khersonska,flood,flood,polygon,ST2_20230613_FloodExtent_KhersonskaOblast_UKR,FL20230606UKR_SHP.zip,2023-06-13,1,108.26456220970746,2023
UA4802,Bashtanskyi,Mykolaivska,flood,flood,polygon,ST2_20230613_WaterExtent_KhersonskaOblast_UKR,FL20230606UKR_SHP.zip,2023-06-13,1,14.860525094402643,2023
UA6502,Beryslavskyi,Khersonska,flood,flood,polygon,ST2_20230613_WaterExtent_KhersonskaOblast_UKR,FL20230606UKR_SHP.zip,2023-06-13,1,36.750781537388754,2023
UA6506,Kakhovskyi,Khersonska,flood,flood,polygon,ST2_20230613_WaterExtent_KhersonskaOblast_UKR,FL20230606UKR_SHP.zip,2023-06-13,1,34.162856792393534,2023
UA6508,Skadovskyi,Khersonska,flood,flood,polygon,ST2_20230613_WaterExtent_KhersonskaOblast_UKR,FL20230606UKR_SHP.zip,2023-06-13,1,108.64593896567106,2023
UA6510,Khersonskyi,Khersonska,flood,flood,polygon,ST2_20230613_WaterExtent_KhersonskaOblast_UKR,FL20230606UKR_SHP.zip,2023-06-13,1,211.86103845023354,2023
UA0114,Perekopskyi,Autonomous Republic of Crimea,flood,flood,polygon,ST3_20230605_WaterExtent_KhersonskaOblast_UKR,FL20230606UKR_SHP.zip,2023-06-06,1,0.6017628693051159,2023
UA4802,Bashtanskyi,Mykolaivska,flood,flood,polygon,ST3_20230605_WaterExtent_KhersonskaOblast_UKR,FL20230606UKR_SHP.zip,2023-06-06,1,0.664194931656138,2023
UA4806,Mykolaivskyi,Mykolaivska,flood,flood,polygon,ST3_20230605_WaterExtent_KhersonskaOblast_UKR,FL20230606UKR_SHP.zip,2023-06-06,1,578.7346530779915,2023
UA5110,Odeskyi,Odeska,flood,flood,polygon,ST3_20230605_WaterExtent_KhersonskaOblast_UKR,FL20230606UKR_SHP.zip,2023-06-06,1,0.9873623905524628,2023
UA6502,Beryslavskyi,Khersonska,flood,flood,polygon,ST3_20230605_WaterExtent_KhersonskaOblast_UKR,FL20230606UKR_SHP.zip,2023-06-06,1,117.72421924624358,2023
UA6506,Kakhovskyi,Khersonska,flood,flood,polygon,ST3_20230605_WaterExtent_KhersonskaOblast_UKR,FL20230606UKR_SHP.zip,2023-06-06,1,155.42614204187464,2023
UA6508,Skadovskyi,Khersonska,flood,flood,polygon,ST3_20230605_WaterExtent_KhersonskaOblast_UKR,FL20230606UKR_SHP.zip,2023-06-06,1,655.206473984777,2023
UA6510,Khersonskyi,Khersonska,flood,flood,polygon,ST3_20230605_WaterExtent_KhersonskaOblast_UKR,FL20230606UKR_SHP.zip,2023-06-06,1,259.74624323009147,2023
UA4802,Bashtanskyi,Mykolaivska,flood,flood,polygon,ST3_20230606_20230607_20230609_ST2_20230608_ICEYE_20230607_FloodExtent_KhersonskaOblast,FL20230606UKR_SHP.zip,2023-06-09,1,46.66019383429617,2023
UA6502,Beryslavskyi,Khersonska,flood,flood,polygon,ST3_20230606_20230607_20230609_ST2_20230608_ICEYE_20230607_FloodExtent_KhersonskaOblast,FL20230606UKR_SHP.zip,2023-06-09,1,32.60211810873324,2023
UA6506,Kakhovskyi,Khersonska,flood,flood,polygon,ST3_20230606_20230607_20230609_ST2_20230608_ICEYE_20230607_FloodExtent_KhersonskaOblast,FL20230606UKR_SHP.zip,2023-06-09,1,25.299669577575802,2023
UA6508,Skadovskyi,Khersonska,flood,flood,polygon,ST3_20230606_20230607_20230609_ST2_20230608_ICEYE_20230607_FloodExtent_KhersonskaOblast,FL20230606UKR_SHP.zip,2023-06-09,1,152.10277109163872,2023
UA6510,Khersonskyi,Khersonska,flood,flood,polygon,ST3_20230606_20230607_20230609_ST2_20230608_ICEYE_20230607_FloodExtent_KhersonskaOblast,FL20230606UKR_SHP.zip,2023-06-09,1,360.3335262641903,2023
UA4802,Bashtanskyi,Mykolaivska,other,other,polygon,ST3_20230606_CloudObstructionKhersonskaOblast_UKR,FL20230606UKR_SHP.zip,2023-06-06,1,4.21921636040627,2023
UA6502,Beryslavskyi,Khersonska,other,other,polygon,ST3_20230606_CloudObstructionKhersonskaOblast_UKR,FL20230606UKR_SHP.zip,2023-06-06,1,101.69568037161436,2023
UA6506,Kakhovskyi,Khersonska,other,other,polygon,ST3_20230606_CloudObstructionKhersonskaOblast_UKR,FL20230606UKR_SHP.zip,2023-06-06,1,20.751065045971224,2023
UA6510,Khersonskyi,Khersonska,other,other,polygon,ST3_20230606_CloudObstructionKhersonskaOblast_UKR,FL20230606UKR_SHP.zip,2023-06-06,1,151.56884061871133,2023
UA4806,Mykolaivskyi,Mykolaivska,flood,flood,polygon,ST3_20230606_FloodExtent_KhersonskaOblast_UKR,FL20230606UKR_SHP.zip,2023-06-06,1,0.002585743837166227,2023
UA6502,Beryslavskyi,Khersonska,flood,flood,polygon,ST3_20230606_FloodExtent_KhersonskaOblast_UKR,FL20230606UKR_SHP.zip,2023-06-06,1,6.629445983257033,2023
UA6506,Kakhovskyi,Khersonska,flood,flood,polygon,ST3_20230606_FloodExtent_KhersonskaOblast_UKR,FL20230606UKR_SHP.zip,2023-06-06,1,15.662292584139804,2023
UA6508,Skadovskyi,Khersonska,flood,flood,polygon,ST3_20230606_FloodExtent_KhersonskaOblast_UKR,FL20230606UKR_SHP.zip,2023-06-06,1,7.5327403592343,2023
UA6510,Khersonskyi,Khersonska,flood,flood,polygon,ST3_20230606_FloodExtent_KhersonskaOblast_UKR,FL20230606UKR_SHP.zip,2023-06-06,1,92.6715802204464,2023
UA4806,Mykolaivskyi,Mykolaivska,flood,flood,polygon,ST3_20230606_WaterExtent_KhersonskaOblast_UKR,FL20230606UKR_SHP.zip,2023-06-06,1,566.5720023511087,2023
UA5110,Odeskyi,Odeska,flood,flood,polygon,ST3_20230606_WaterExtent_KhersonskaOblast_UKR,FL20230606UKR_SHP.zip,2023-06-06,1,19.597960685048108,2023
UA6502,Beryslavskyi,Khersonska,flood,flood,polygon,ST3_20230606_WaterExtent_KhersonskaOblast_UKR,FL20230606UKR_SHP.zip,2023-06-06,1,103.69185814670283,2023
UA6506,Kakhovskyi,Khersonska,flood,flood,polygon,ST3_20230606_WaterExtent_KhersonskaOblast_UKR,FL20230606UKR_SHP.zip,2023-06-06,1,145.70516466546707,2023
UA6508,Skadovskyi,Khersonska,flood,flood,polygon,ST3_20230606_WaterExtent_KhersonskaOblast_UKR,FL20230606UKR_SHP.zip,2023-06-06,1,575.5504780300604,2023
UA6510,Khersonskyi,Khersonska,flood,flood,polygon,ST3_20230606_WaterExtent_KhersonskaOblast_UKR,FL20230606UKR_SHP.zip,2023-06-06,1,342.6405886444922,2023
UA4802,Bashtanskyi,Mykolaivska,flood,flood,polygon,ST3_20230609_FloodExtent_KhersonskaOblast_UKR,FL20230606UKR_SHP.zip,2023-06-09,1,21.765611162474404,2023
UA6502,Beryslavskyi,Khersonska,flood,flood,polygon,ST3_20230609_FloodExtent_KhersonskaOblast_UKR,FL20230606UKR_SHP.zip,2023-06-09,1,11.376735575626508,2023
UA6506,Kakhovskyi,Khersonska,flood,flood,polygon,ST3_20230609_FloodExtent_KhersonskaOblast_UKR,FL20230606UKR_SHP.zip,2023-06-09,1,18.567082063207977,2023
UA6508,Skadovskyi,Khersonska,flood,flood,polygon,ST3_20230609_FloodExtent_KhersonskaOblast_UKR,FL20230606UKR_SHP.zip,2023-06-09,1,128.0250515000628,2023
UA6510,Khersonskyi,Khersonska,flood,flood,polygon,ST3_20230609_FloodExtent_KhersonskaOblast_UKR,FL20230606UKR_SHP.zip,2023-06-09,1,284.44347707912567,2023
UA4802,Bashtanskyi,Mykolaivska,flood,flood,polygon,ST3_20230609_WaterExtent_KhersonskaOblast_UKR,FL20230606UKR_SHP.zip,2023-09-06,1,23.136961780001982,2023
UA4806,Mykolaivskyi,Mykolaivska,flood,flood,polygon,ST3_20230609_WaterExtent_KhersonskaOblast_UKR,FL20230606UKR_SHP.zip,2023-09-06,1,604.8056609007266,2023
UA5110,Odeskyi,Odeska,flood,flood,polygon,ST3_20230609_WaterExtent_KhersonskaOblast_UKR,FL20230606UKR_SHP.zip,2023-09-06,1,20.260812102127172,2023
UA6502,Beryslavskyi,Khersonska,flood,flood,polygon,ST3_20230609_WaterExtent_KhersonskaOblast_UKR,FL20230606UKR_SHP.zip,2023-09-06,1,109.11523226038123,2023
UA6506,Kakhovskyi,Khersonska,flood,flood,polygon,ST3_20230609_WaterExtent_KhersonskaOblast_UKR,FL20230606UKR_SHP.zip,2023-09-06,1,148.20417739229424,2023
UA6508,Skadovskyi,Khersonska,flood,flood,polygon,ST3_20230609_WaterExtent_KhersonskaOblast_UKR,FL20230606UKR_SHP.zip,2023-09-06,1,760.338430801113,2023
UA6510,Khersonskyi,Khersonska,flood,flood,polygon,ST3_20230609_WaterExtent_KhersonskaOblast_UKR,FL20230606UKR_SHP.zip,2023-09-06,1,580.212434755934,2023
UA6508,Skadovskyi,Khersonska,flood,flood,polygon,WV03_20230608_FloodExtent_HolaPrystanCity_UKR,FL20230606UKR_SHP.zip,2023-06-08,1,63.65477504295547,2023
UA6510,Khersonskyi,Khersonska,flood,flood,polygon,WV03_20230608_FloodExtent_HolaPrystanCity_UKR,FL20230606UKR_SHP.zip,2023-06-08,1,7.317081776308677,2023
UA6510,Khersonskyi,Khersonska,damage,damage,point,WV3_20230607_AffectedHarbour_AntonivkaCity_Dachicity,FL20230606UKR_SHP.zip,2023-06-07,95,0.0,2023
UA6508,Skadovskyi,Khersonska,damage,damage,point,WV3_20230607_AffectedHarbour_Kardashynka_Kokhany,FL20230606UKR_SHP.zip,2023-06-07,39,0.0,2023
UA6510,Khersonskyi,Khersonska,other,other,point,WV3_20230607_AffectedHarbour_Kherson,FL20230606UKR_SHP.zip,2023-06-07,76,0.0,2023
UA6510,Khersonskyi,Khersonska,other,other,point,WV3_20230607_AffectedHarbour_OleshkyCity_Boundary,FL20230606UKR_SHP.zip,2023-06-07,3,0.0,2023
UA6510,Khersonskyi,Khersonska,damage,damage,polygon,WV3_20230607_AreaOfInterest_Antonivka_DachiCity_Boundary,FL20230606UKR_SHP.zip,2023-06-07,2,14.74620275761703,2023
UA6508,Skadovskyi,Khersonska,damage,damage,polygon,WV3_20230607_AreaOfInterest_Kardashynka_Kokhany,FL20230606UKR_SHP.zip,2023-06-07,1,26.699255542948364,2023
UA6510,Khersonskyi,Khersonska,damage,damage,polygon,WV3_20230607_AreaOfInterest_Kardashynka_Kokhany,FL20230606UKR_SHP.zip,2023-06-07,1,0.09623111632593621,2023
UA6510,Khersonskyi,Khersonska,other,other,polygon,WV3_20230607_AreaOfInterest_KhersonCityBoundary,FL20230606UKR_SHP.zip,2023-06-07,1,64.29363872096155,2023
UA6510,Khersonskyi,Khersonska,other,other,polygon,WV3_20230607_AreaOfInterest_OleshkyCity_Boundary,FL20230606UKR_SHP.zip,2023-06-07,1,15.734094367596017,2023
UA6510,Khersonskyi,Khersonska,other,other,polygon,WV3_20230607_AreaOfInterest_Solontsi_PidlisneVillages,FL20230606UKR_SHP.zip,2023-06-07,3,3.7308868474181414,2023
UA6510,Khersonskyi,Khersonska,damage,damage,point,WV3_20230607_DamageStructure_AntonivkaCity_Dachicity,FL20230606UKR_SHP.zip,2023-06-07,2025,0.0,2023
UA6508,Skadovskyi,Khersonska,damage,damage,point,WV3_20230607_DamageStructure_Kardashynka_Kokhany,FL20230606UKR_SHP.zip,2023-06-07,8728,0.0,2023
UA6510,Khersonskyi,Khersonska,damage,damage,point,WV3_20230607_DamageStructure_Kherson,FL20230606UKR_SHP.zip,2023-06-07,4302,0.0,2023
UA6510,Khersonskyi,Khersonska,damage,damage,point,WV3_20230607_DamageStructure_OleshkyCity_Boundary,FL20230606UKR_SHP.zip,2023-06-27,8016,0.0,2023
UA6510,Khersonskyi,Khersonska,damage,damage,point,WV3_20230607_DamageStructure_Solontsi_PidlisneVillages,FL20230606UKR_SHP.zip,2023-06-07,1083,0.0,2023
UA6508,Skadovskyi,Khersonska,other,other,point,WV3_20230608_AffectedHarbour_HolaPrystan,FL20230606UKR_SHP.zip,2023-06-08,3,0.0,2023
UA6508,Skadovskyi,Khersonska,other,other,polygon,WV3_20230608_AreaOfInterest_HolaPrystan,FL20230606UKR_SHP.zip,2023-06-08,1,10.337126081119,2023
UA6508,Skadovskyi,Khersonska,damage,damage,point,WV3_20230608_DamageStructure_HolaPrystan,FL20230606UKR_SHP.zip,2023-06-08,7503,0.0,2023
UA6508,Skadovskyi,Khersonska,damage,damage,point,WV3_20230617_DamageStructure_HolaPrystan,FL20230606UKR_SHP.zip,2023-06-17,1698,0.0,2023
UA6510,Khersonskyi,Khersonska,damage,damage,point,WV3_20230617_DamageStructure_Kherson,FL20230606UKR_SHP.zip,2023-06-17,861,0.0,2023
UA6510,Khersonskyi,Khersonska,damage,damage,point,WV3_20230617_DamageStructure_Oleshky,FL20230606UKR_SHP.zip,2023-06-17,1463,0.0,2023
UA6508,Skadovskyi,Khersonska,flood,flood,polygon,WV3_20230617_FloodExtent_HolaPrystan,FL20230606UKR_SHP.zip,2023-06-21,1,3.0579243087688406,2023
UA6510,Khersonskyi,Khersonska,flood,flood,polygon,WV3_20230617_FloodExtent_Kherson,FL20230606UKR_SHP.zip,2023-06-17,1,1.5329882496926244,2023
UA6510,Khersonskyi,Khersonska,flood,flood,polygon,WV3_20230617_FloodExtent_Oleshky,FL20230606UKR_SHP.zip,2023-06-17,1,3.315417695470118,2023
UA6510,Khersonskyi,Khersonska,flood,flood,polygon,WV3_20230617_WaterExtent_Kherson,FL20230606UKR_SHP.zip,2023-06-17,1,5.052052496919792,2023
UA6510,Khersonskyi,Khersonska,flood,flood,polygon,WV3_20230617_WaterExtent_Oleshky,FL20230606UKR_SHP.zip,2023-06-17,1,3.315417695470118,2023
UA6312,Kharkivskyi,Kharkivska,damage,damage,point,Kharkiv_CDA_20220615,_static_unosat_filesystem_3455_Kharkiv_CDA_20220615.zip,2022-04-24,894,0.0,2022
UA5302,Kremenchutskyi,Poltavska,damage,damage,point,Kremenchuk_CDA_20220629,Kremenchuk_CDA_20220629.zip,2022-06-29,26,0.0,2022
UA1414,Mariupolskyi,Donetska,damage,damage,point,UNOSAT_Mariupol_Livoberezhyny_DA_12May2022,UNOSAT_LivoberezhnyiDistrict_DamageAssessment_12May2022_shp.zip,2022-03-14,5660,0.0,2022
